,i_sample,n_local_networks,n_var_network,v_topology,n_output_variables,n_clauses_function,n_time_find_attractors,n_time_find_pairs,n_time_find_fields,n_local_attractors,n_pair_attractors,n_attractor_fields
0,1,3,5,4,2,2,0.08638954162597656,2.384185791015625e-05,4.482269287109375e-05,17,16,13
1,2,3,5,4,2,2,0.09121537208557129,2.47955322265625e-05,0.0006420612335205078,22,60,72
2,3,3,5,4,2,2,0.06481456756591797,2.4557113647460938e-05,3.910064697265625e-05,11,12,9
3,4,3,5,4,2,2,0.10074973106384277,2.6464462280273438e-05,0.0001678466796875,22,42,36
4,5,3,5,4,2,2,0.06454610824584961,2.5987625122070312e-05,6.890296936035156e-05,14,18,16
5,6,3,5,4,2,2,0.08682727813720703,2.4080276489257812e-05,5.030632019042969e-05,16,16,16
6,7,3,5,4,2,2,0.09551644325256348,2.5987625122070312e-05,0.00029730796813964844,20,37,46
7,8,3,5,4,2,2,0.04971766471862793,2.574920654296875e-05,2.1219253540039062e-05,6,4,2
8,9,3,5,4,2,2,0.07348084449768066,2.5033950805664062e-05,7.271766662597656e-05,13,18,11
9,10,3,5,4,2,2,0.08677244186401367,2.4080276489257812e-05,0.0001327991485595703,17,26,21
10,11,3,5,4,2,2,0.05473804473876953,2.6226043701171875e-05,3.0040740966796875e-05,9,8,5
11,12,3,5,4,2,2,0.07772374153137207,2.4557113647460938e-05,8.416175842285156e-05,13,21,14
12,13,3,5,4,2,2,0.11027717590332031,2.7179718017578125e-05,0.00021767616271972656,17,32,27
13,14,3,5,4,2,2,0.09909248352050781,2.5510787963867188e-05,0.0002243518829345703,20,35,32
14,15,3,5,4,2,2,0.08615422248840332,2.5033950805664062e-05,0.00022673606872558594,18,36,32
15,16,3,5,4,2,2,0.08222794532775879,2.6226043701171875e-05,5.0067901611328125e-05,12,14,11
16,17,3,5,4,2,2,0.07738423347473145,2.4318695068359375e-05,9.226799011230469e-05,14,24,18
17,18,3,5,4,2,2,0.05637478828430176,2.3603439331054688e-05,2.6941299438476562e-05,10,8,5
18,19,3,5,4,2,2,0.11527276039123535,2.574920654296875e-05,0.0002067089080810547,22,34,48
19,20,3,5,4,2,2,0.05991983413696289,2.384185791015625e-05,4.5299530029296875e-05,13,17,14
20,21,3,5,4,2,2,0.07230710983276367,2.5987625122070312e-05,8.535385131835938e-05,13,22,16
21,22,3,5,4,2,2,0.1026620864868164,2.5272369384765625e-05,0.00041556358337402344,21,50,72
22,23,3,5,4,2,2,0.05998516082763672,2.3365020751953125e-05,3.743171691894531e-05,11,11,10
23,24,3,5,4,2,2,0.0895845890045166,3.62396240234375e-05,7.343292236328125e-05,12,14,15
24,25,3,5,4,2,2,0.06701874732971191,2.4080276489257812e-05,3.5762786865234375e-05,12,12,9
25,26,3,5,4,2,2,0.12182068824768066,3.0040740966796875e-05,0.0007607936859130859,24,64,60
26,27,3,5,4,2,2,0.06255555152893066,2.5033950805664062e-05,3.6716461181640625e-05,12,12,9
27,28,3,5,4,2,2,0.058112382888793945,3.409385681152344e-05,8.153915405273438e-05,11,14,12
28,29,3,5,4,2,2,0.07327127456665039,2.6464462280273438e-05,4.363059997558594e-05,12,12,11
29,30,3,5,4,2,2,0.06954383850097656,2.5272369384765625e-05,4.8160552978515625e-05,11,15,11
30,31,3,5,4,2,2,0.061708927154541016,2.3365020751953125e-05,3.7670135498046875e-05,10,11,6
31,32,3,5,4,2,2,0.0715322494506836,2.765655517578125e-05,0.00014352798461914062,13,18,12
32,33,3,5,4,2,2,0.09543204307556152,3.1948089599609375e-05,0.00012803077697753906,18,37,32
33,34,3,5,4,2,2,0.07421231269836426,3.1948089599609375e-05,0.0001163482666015625,15,26,18
34,35,3,5,4,2,2,0.0769052505493164,2.5033950805664062e-05,6.628036499023438e-05,13,17,14
35,36,3,5,4,2,2,0.07639145851135254,3.123283386230469e-05,5.6743621826171875e-05,14,18,14
36,37,3,5,4,2,2,0.08000612258911133,2.6702880859375e-05,0.0001308917999267578,17,26,40
37,38,3,5,4,2,2,0.0751194953918457,2.47955322265625e-05,9.441375732421875e-05,13,18,12
38,39,3,5,4,2,2,0.09291744232177734,2.86102294921875e-05,0.00037288665771484375,20,37,33
39,40,3,5,4,2,2,0.12005329132080078,2.4557113647460938e-05,8.058547973632812e-05,25,33,30
40,41,3,5,4,2,2,0.06756734848022461,2.384185791015625e-05,7.2479248046875e-05,13,18,20
41,42,3,5,4,2,2,0.06857562065124512,2.4080276489257812e-05,4.38690185546875e-05,11,14,10
42,43,3,5,4,2,2,0.07423925399780273,2.5033950805664062e-05,4.4345855712890625e-05,10,13,8
43,44,3,5,4,2,2,0.06770038604736328,2.3126602172851562e-05,9.036064147949219e-05,14,21,18
44,45,3,5,4,2,2,0.07002568244934082,2.6702880859375e-05,4.4345855712890625e-05,12,12,12
45,46,3,5,4,2,2,0.07773208618164062,2.3603439331054688e-05,7.414817810058594e-05,15,20,21
46,47,3,5,4,2,2,0.06645512580871582,2.3365020751953125e-05,8.344650268554688e-05,13,20,16
47,48,3,5,4,2,2,0.09796547889709473,2.8133392333984375e-05,0.00015616416931152344,17,30,27
48,49,3,5,4,2,2,0.06809568405151367,2.384185791015625e-05,5.0067901611328125e-05,11,15,10
49,50,3,5,4,2,2,0.12339043617248535,4.4345855712890625e-05,0.0014133453369140625,24,73,91
50,51,3,5,4,2,2,0.09315872192382812,2.6226043701171875e-05,0.00023984909057617188,18,37,33
51,52,3,5,4,2,2,0.06285524368286133,2.3603439331054688e-05,5.7697296142578125e-05,11,16,10
52,53,3,5,4,2,2,0.06360673904418945,2.6941299438476562e-05,3.2901763916015625e-05,9,10,7
53,54,3,5,4,2,2,0.0730898380279541,2.384185791015625e-05,7.486343383789062e-05,14,19,16
54,55,3,5,4,2,2,0.06785774230957031,2.2411346435546875e-05,6.175041198730469e-05,14,16,22
55,56,3,5,4,2,2,0.07111930847167969,2.5510787963867188e-05,9.036064147949219e-05,13,20,19
56,57,3,5,4,2,2,0.09735798835754395,2.6226043701171875e-05,9.894371032714844e-05,19,22,11
57,58,3,5,4,2,2,0.0807182788848877,3.147125244140625e-05,0.00010895729064941406,13,20,12
58,59,3,5,4,2,2,0.07223725318908691,3.147125244140625e-05,6.079673767089844e-05,13,15,9
59,60,3,5,4,2,2,0.08600068092346191,2.5987625122070312e-05,7.939338684082031e-05,14,19,11
60,61,3,5,4,2,2,0.0990288257598877,3.075599670410156e-05,0.0003986358642578125,21,46,53
61,62,3,5,4,2,2,0.07083964347839355,2.3365020751953125e-05,3.695487976074219e-05,13,13,10
62,63,3,5,4,2,2,0.0910646915435791,4.220008850097656e-05,0.000255584716796875,17,27,20
63,64,3,5,4,2,2,0.07634711265563965,2.4557113647460938e-05,5.435943603515625e-05,13,18,14
64,65,3,5,4,2,2,0.06465625762939453,2.3365020751953125e-05,5.626678466796875e-05,11,16,10
65,66,3,5,4,2,2,0.11334013938903809,2.9325485229492188e-05,0.000408172607421875,24,47,110
66,67,3,5,4,2,2,0.08049988746643066,2.5272369384765625e-05,8.487701416015625e-05,17,25,20
67,68,3,5,4,2,2,0.07548666000366211,2.4318695068359375e-05,8.535385131835938e-05,14,20,19
68,69,3,5,4,2,2,0.07344436645507812,2.384185791015625e-05,5.6743621826171875e-05,13,15,10
69,70,3,5,4,2,2,0.06516766548156738,2.4557113647460938e-05,3.62396240234375e-05,11,12,9
70,71,3,5,4,2,2,0.07740974426269531,2.6941299438476562e-05,0.00011706352233886719,17,27,28
71,72,3,5,4,2,2,0.07413768768310547,3.2901763916015625e-05,5.841255187988281e-05,15,18,19
72,73,3,5,4,2,2,0.09998393058776855,2.7179718017578125e-05,4.7206878662109375e-05,14,16,13
73,74,3,5,4,2,2,0.10297107696533203,2.6702880859375e-05,0.0003323554992675781,21,51,42
74,75,3,5,4,2,2,0.07356715202331543,2.5272369384765625e-05,4.2438507080078125e-05,13,15,12
75,76,3,5,4,2,2,0.06013178825378418,2.5987625122070312e-05,6.031990051269531e-05,11,16,14
76,77,3,5,4,2,2,0.0656592845916748,2.5987625122070312e-05,5.0067901611328125e-05,12,14,8
77,78,3,5,4,2,2,0.07081890106201172,2.47955322265625e-05,0.00010371208190917969,14,24,16
78,79,3,5,4,2,2,0.06662440299987793,2.765655517578125e-05,4.3392181396484375e-05,11,13,9
79,80,3,5,4,2,2,0.07811927795410156,2.2649765014648438e-05,3.0040740966796875e-05,10,9,6
80,81,3,5,4,2,2,0.06363368034362793,2.4318695068359375e-05,8.296966552734375e-05,14,20,14
81,82,3,5,4,2,2,0.08516836166381836,2.5987625122070312e-05,7.033348083496094e-05,16,18,16
82,83,3,5,4,2,2,0.06707096099853516,2.4080276489257812e-05,5.602836608886719e-05,13,18,14
83,84,3,5,4,2,2,0.0705721378326416,4.172325134277344e-05,0.00011014938354492188,14,26,19
84,85,3,5,4,2,2,0.0720822811126709,2.384185791015625e-05,3.790855407714844e-05,12,11,8
85,86,3,5,4,2,2,0.08228230476379395,2.5272369384765625e-05,9.059906005859375e-05,14,24,18
86,87,3,5,4,2,2,0.09584474563598633,2.8371810913085938e-05,0.0002989768981933594,19,45,36
87,88,3,5,4,2,2,0.0768287181854248,3.337860107421875e-05,5.793571472167969e-05,13,12,9
88,89,3,5,4,2,2,0.0771477222442627,2.7894973754882812e-05,0.0001354217529296875,15,31,24
89,90,3,5,4,2,2,0.08147764205932617,2.6702880859375e-05,3.1948089599609375e-05,10,9,5
90,91,3,5,4,2,2,0.09763956069946289,3.933906555175781e-05,0.0007634162902832031,20,50,60
91,92,3,5,4,2,2,0.08172345161437988,2.6941299438476562e-05,5.745887756347656e-05,14,18,15
92,93,3,5,4,2,2,0.11018180847167969,2.6702880859375e-05,0.0008575916290283203,25,72,104
93,94,3,5,4,2,2,0.08191514015197754,2.6941299438476562e-05,9.5367431640625e-05,16,21,36
94,95,3,5,4,2,2,0.1178886890411377,2.6464462280273438e-05,0.0005304813385009766,25,55,42
95,96,3,5,4,2,2,0.08307075500488281,2.5510787963867188e-05,0.00010633468627929688,17,30,25
96,97,3,5,4,2,2,0.09235811233520508,2.9087066650390625e-05,9.751319885253906e-05,13,21,18
97,98,3,5,4,2,2,0.09559178352355957,2.6941299438476562e-05,0.00014400482177734375,19,32,25
98,99,3,5,4,2,2,0.07272028923034668,2.4557113647460938e-05,8.702278137207031e-05,13,21,14
99,100,3,5,4,2,2,0.06980276107788086,2.5033950805664062e-05,9.322166442871094e-05,15,23,20
100,1,4,5,4,2,2,0.1116325855255127,3.504753112792969e-05,0.00010848045349121094,18,18,16
101,2,4,5,4,2,2,0.10208368301391602,3.123283386230469e-05,0.0003101825714111328,20,36,42
102,3,4,5,4,2,2,0.08795523643493652,3.123283386230469e-05,0.0001633167266845703,16,25,25
103,4,4,5,4,2,2,0.1403663158416748,3.123283386230469e-05,0.0008051395416259766,28,44,118
104,5,4,5,4,2,2,0.09343814849853516,5.078315734863281e-05,0.00016260147094726562,15,24,16
105,6,4,5,4,2,2,0.10195326805114746,3.0994415283203125e-05,0.00020694732666015625,17,29,26
106,7,4,5,4,2,2,0.11353230476379395,3.0994415283203125e-05,0.00010895729064941406,17,23,14
107,8,4,5,4,2,2,0.10099625587463379,3.504753112792969e-05,0.00040459632873535156,21,40,50
108,9,4,5,4,2,2,0.1750175952911377,3.457069396972656e-05,0.0030791759490966797,36,110,272
109,10,4,5,4,2,2,0.11357426643371582,5.0067901611328125e-05,0.00047135353088378906,22,47,40
110,11,4,5,4,2,2,0.09196686744689941,3.0279159545898438e-05,0.00016355514526367188,17,24,24
111,12,4,5,4,2,2,0.1306476593017578,3.2901763916015625e-05,0.00016951560974121094,23,28,45
112,13,4,5,4,2,2,0.10235834121704102,3.266334533691406e-05,0.0002181529998779297,20,31,21
113,14,4,5,4,2,2,0.11257243156433105,3.075599670410156e-05,0.0002574920654296875,19,29,39
114,15,4,5,4,2,2,0.13059210777282715,3.6716461181640625e-05,0.0005340576171875,28,52,70
115,16,4,5,4,2,2,0.12394213676452637,3.0517578125e-05,9.989738464355469e-05,18,20,24
116,17,4,5,4,2,2,0.1140756607055664,3.552436828613281e-05,0.00012350082397460938,20,26,30
117,18,4,5,4,2,2,0.1229701042175293,3.218650817871094e-05,0.0006737709045410156,25,56,124
118,19,4,5,4,2,2,0.19200420379638672,3.266334533691406e-05,0.000820159912109375,30,58,40
119,20,4,5,4,2,2,0.12157630920410156,3.409385681152344e-05,0.0007677078247070312,24,48,126
120,21,4,5,4,2,2,0.09468603134155273,3.170967102050781e-05,0.0002079010009765625,17,30,20
121,22,4,5,4,2,2,0.1326444149017334,3.457069396972656e-05,0.0007183551788330078,26,55,64
122,23,4,5,4,2,2,0.13089275360107422,3.361701965332031e-05,0.0008158683776855469,24,62,88
123,24,4,5,4,2,2,0.1040639877319336,3.0040740966796875e-05,9.989738464355469e-05,18,20,32
124,25,4,5,4,2,2,0.09952569007873535,3.361701965332031e-05,0.00017714500427246094,18,29,28
125,26,4,5,4,2,2,0.12389850616455078,3.0994415283203125e-05,0.0002932548522949219,21,36,26
126,27,4,5,4,2,2,0.08472633361816406,3.075599670410156e-05,6.4849853515625e-05,15,16,15
127,28,4,5,4,2,2,0.15620970726013184,3.4809112548828125e-05,0.0011386871337890625,36,92,110
128,29,4,5,4,2,2,0.10236239433288574,3.361701965332031e-05,0.00017690658569335938,16,25,21
129,30,4,5,4,2,2,0.13399600982666016,3.5762786865234375e-05,0.0012791156768798828,28,53,209
130,31,4,5,4,2,2,0.14733052253723145,3.600120544433594e-05,0.0015530586242675781,28,64,123
131,32,4,5,4,2,2,0.1087808609008789,3.3855438232421875e-05,0.00043892860412597656,21,45,49
132,33,4,5,4,2,2,0.10058045387268066,3.0994415283203125e-05,0.0004837512969970703,19,41,36
133,34,4,5,4,2,2,0.11047863960266113,7.748603820800781e-05,0.00048065185546875,22,37,93
134,35,4,5,4,2,2,0.10664629936218262,3.1948089599609375e-05,0.0003387928009033203,21,39,30
135,36,4,5,4,2,2,0.09726595878601074,3.24249267578125e-05,0.0001811981201171875,18,27,36
136,37,4,5,4,2,2,0.11771082878112793,3.170967102050781e-05,0.00028514862060546875,22,43,40
137,38,4,5,4,2,2,0.0944366455078125,3.266334533691406e-05,0.00023937225341796875,18,27,26
138,39,4,5,4,2,2,0.09511542320251465,3.147125244140625e-05,0.0002117156982421875,19,28,18
139,40,4,5,4,2,2,0.08701443672180176,3.528594970703125e-05,0.0001628398895263672,16,23,26
140,41,4,5,4,2,2,0.11678695678710938,2.86102294921875e-05,0.0002951622009277344,21,34,48
141,42,4,5,4,2,2,0.10460329055786133,3.337860107421875e-05,0.00012969970703125,15,23,14
142,43,4,5,4,2,2,0.11808371543884277,3.0517578125e-05,0.00024437904357910156,22,39,46
143,44,4,5,4,2,2,0.11505961418151855,3.528594970703125e-05,0.0004372596740722656,21,45,36
144,45,4,5,4,2,2,0.10749268531799316,3.0517578125e-05,0.00016880035400390625,20,29,15
145,46,4,5,4,2,2,0.08682513236999512,3.314018249511719e-05,0.0001285076141357422,15,23,12
146,47,4,5,4,2,2,0.13193583488464355,3.170967102050781e-05,0.0006031990051269531,24,43,62
147,48,4,5,4,2,2,0.09183359146118164,3.123283386230469e-05,7.390975952148438e-05,15,17,9
148,49,4,5,4,2,2,0.12465095520019531,3.3855438232421875e-05,0.0008301734924316406,29,68,140
149,50,4,5,4,2,2,0.10371208190917969,3.170967102050781e-05,0.000125885009765625,17,24,18
150,51,4,5,4,2,2,0.08690381050109863,3.314018249511719e-05,0.00015234947204589844,15,22,28
151,52,4,5,4,2,2,0.11166787147521973,5.0067901611328125e-05,0.000293731689453125,20,28,30
152,53,4,5,4,2,2,0.09998202323913574,3.0279159545898438e-05,0.00016689300537109375,18,25,23
153,54,4,5,4,2,2,0.1191718578338623,3.3855438232421875e-05,0.0003516674041748047,23,45,47
154,55,4,5,4,2,2,0.08974242210388184,3.0517578125e-05,0.0001125335693359375,15,21,20
155,56,4,5,4,2,2,0.08991384506225586,3.266334533691406e-05,9.393692016601562e-05,15,21,18
156,57,4,5,4,2,2,0.08543181419372559,2.956390380859375e-05,5.936622619628906e-05,13,15,10
157,58,4,5,4,2,2,0.10698080062866211,3.4332275390625e-05,0.00047326087951660156,20,46,63
158,59,4,5,4,2,2,0.10092687606811523,3.2901763916015625e-05,0.00033092498779296875,18,40,28
159,60,4,5,4,2,2,0.12100815773010254,3.4809112548828125e-05,0.0003712177276611328,24,41,66
160,61,4,5,4,2,2,0.14296460151672363,3.170967102050781e-05,0.0002720355987548828,21,36,36
161,62,4,5,4,2,2,0.10706758499145508,3.314018249511719e-05,0.00018072128295898438,19,28,24
162,63,4,5,4,2,2,0.10050249099731445,3.147125244140625e-05,0.0003724098205566406,19,38,38
163,64,4,5,4,2,2,0.12476634979248047,3.504753112792969e-05,0.0004286766052246094,22,35,42
164,65,4,5,4,2,2,0.1099400520324707,3.314018249511719e-05,0.0002372264862060547,20,39,32
165,66,4,5,4,2,2,0.10571670532226562,3.1948089599609375e-05,9.703636169433594e-05,14,20,16
166,67,4,5,4,2,2,0.09570503234863281,3.170967102050781e-05,0.0004589557647705078,21,42,44
167,68,4,5,4,2,2,0.12248659133911133,3.314018249511719e-05,0.0009486675262451172,24,54,80
168,69,4,5,4,2,2,0.14168262481689453,3.838539123535156e-05,0.0019364356994628906,30,85,174
169,70,4,5,4,2,2,0.11158347129821777,3.0517578125e-05,0.0004596710205078125,22,42,72
170,71,4,5,4,2,2,0.12137985229492188,3.409385681152344e-05,0.000377655029296875,22,34,33
171,72,4,5,4,2,2,0.11591577529907227,3.361701965332031e-05,0.0003173351287841797,19,39,42
172,73,4,5,4,2,2,0.10124850273132324,3.1948089599609375e-05,0.00017118453979492188,17,26,24
173,74,4,5,4,2,2,0.09408831596374512,3.1948089599609375e-05,0.0001811981201171875,18,26,26
174,75,4,5,4,2,2,0.08786487579345703,5.078315734863281e-05,6.961822509765625e-05,12,12,5
175,76,4,5,4,2,2,0.09322500228881836,3.170967102050781e-05,0.00017762184143066406,16,29,27
176,77,4,5,4,2,2,0.08193635940551758,3.218650817871094e-05,7.939338684082031e-05,15,17,9
177,78,4,5,4,2,2,0.11515450477600098,3.147125244140625e-05,0.00026226043701171875,20,36,32
178,79,4,5,4,2,2,0.12134885787963867,5.459785461425781e-05,0.0006208419799804688,19,38,36
179,80,4,5,4,2,2,0.12883305549621582,3.266334533691406e-05,0.0011413097381591797,24,60,72
180,81,4,5,4,2,2,0.1141045093536377,5.1021575927734375e-05,0.00023984909057617188,18,30,34
181,82,4,5,4,2,2,0.13086390495300293,3.62396240234375e-05,0.00036454200744628906,29,42,82
182,83,4,5,4,2,2,0.11680865287780762,3.2901763916015625e-05,0.0009360313415527344,23,57,78
183,84,4,5,4,2,2,0.0910801887512207,3.218650817871094e-05,0.00011992454528808594,17,23,22
184,85,4,5,4,2,2,0.13470005989074707,3.24249267578125e-05,0.0015735626220703125,28,72,198
185,86,4,5,4,2,2,0.1848287582397461,4.315376281738281e-05,0.0013074874877929688,40,75,338
186,87,4,5,4,2,2,0.09361028671264648,3.147125244140625e-05,7.82012939453125e-05,14,18,10
187,88,4,5,4,2,2,0.1152791976928711,3.314018249511719e-05,0.00018334388732910156,22,30,42
188,89,4,5,4,2,2,0.08426094055175781,3.504753112792969e-05,0.00013780593872070312,15,19,22
189,90,4,5,4,2,2,0.11894559860229492,3.266334533691406e-05,0.0003895759582519531,22,43,52
190,91,4,5,4,2,2,0.11306452751159668,3.337860107421875e-05,0.00033283233642578125,19,35,23
191,92,4,5,4,2,2,0.1094961166381836,3.123283386230469e-05,0.00025534629821777344,18,34,35
192,93,4,5,4,2,2,0.14367103576660156,3.409385681152344e-05,0.0004432201385498047,27,47,62
193,94,4,5,4,2,2,0.09614968299865723,3.1948089599609375e-05,7.104873657226562e-05,17,20,16
194,95,4,5,4,2,2,0.1349174976348877,3.504753112792969e-05,0.0022072792053222656,29,79,120
195,96,4,5,4,2,2,0.08754253387451172,3.337860107421875e-05,0.0002181529998779297,18,29,31
196,97,4,5,4,2,2,0.09357500076293945,3.170967102050781e-05,7.295608520507812e-05,16,20,16
197,98,4,5,4,2,2,0.12311244010925293,3.266334533691406e-05,7.915496826171875e-05,17,18,11
198,99,4,5,4,2,2,0.12242627143859863,3.0994415283203125e-05,0.00015401840209960938,22,25,24
199,100,4,5,4,2,2,0.13867640495300293,3.7670135498046875e-05,0.0012099742889404297,29,78,135
200,1,5,5,4,2,2,0.12288427352905273,3.8623809814453125e-05,0.00037360191345214844,23,38,60
201,2,5,5,4,2,2,0.14822149276733398,4.076957702636719e-05,0.0007188320159912109,28,49,45
202,3,5,5,4,2,2,0.1435251235961914,4.38690185546875e-05,0.0003616809844970703,29,40,54
203,4,5,5,4,2,2,0.15489602088928223,5.9604644775390625e-05,0.0032525062561035156,30,73,280
204,5,5,5,4,2,2,0.12254905700683594,3.743171691894531e-05,0.0004734992980957031,21,36,58
205,6,5,5,4,2,2,0.17725086212158203,5.817413330078125e-05,0.004748821258544922,35,90,312
206,7,5,5,4,2,2,0.14251375198364258,4.482269287109375e-05,0.0013661384582519531,27,58,80
207,8,5,5,4,2,2,0.15978026390075684,3.7670135498046875e-05,0.002828359603881836,33,70,360
208,9,5,5,4,2,2,0.1627645492553711,3.600120544433594e-05,0.0006945133209228516,26,44,72
209,10,5,5,4,2,2,0.1648569107055664,4.00543212890625e-05,0.0020084381103515625,33,70,375
210,11,5,5,4,2,2,0.14549899101257324,4.5299530029296875e-05,0.0012056827545166016,25,47,132
211,12,5,5,4,2,2,0.12125706672668457,3.62396240234375e-05,0.00022459030151367188,22,34,40
212,13,5,5,4,2,2,0.15514683723449707,3.8623809814453125e-05,0.0018248558044433594,28,52,164
213,14,5,5,4,2,2,0.11150169372558594,3.7670135498046875e-05,0.0003409385681152344,19,34,32
214,15,5,5,4,2,2,0.16594696044921875,3.719329833984375e-05,0.002007722854614258,32,61,224
215,16,5,5,4,2,2,0.14082074165344238,3.695487976074219e-05,0.0005626678466796875,26,46,84
216,17,5,5,4,2,2,0.13510823249816895,3.838539123535156e-05,0.0005805492401123047,23,37,55
217,18,5,5,4,2,2,0.16530370712280273,3.981590270996094e-05,0.005939483642578125,35,90,940
218,19,5,5,4,2,2,0.23359227180480957,4.649162292480469e-05,0.024295330047607422,47,132,1720
219,20,5,5,4,2,2,0.11365008354187012,3.933906555175781e-05,0.00031447410583496094,20,34,24
220,21,5,5,4,2,2,0.15926074981689453,3.8623809814453125e-05,0.0014078617095947266,32,55,180
221,22,5,5,4,2,2,0.15363669395446777,6.008148193359375e-05,0.0006489753723144531,21,33,40
222,23,5,5,4,2,2,0.12418222427368164,3.838539123535156e-05,0.0014972686767578125,25,46,144
223,24,5,5,4,2,2,0.12113499641418457,3.600120544433594e-05,0.0002040863037109375,19,27,36
224,25,5,5,4,2,2,0.1598668098449707,3.910064697265625e-05,0.0005526542663574219,24,43,79
225,26,5,5,4,2,2,0.14843463897705078,3.838539123535156e-05,0.0015416145324707031,29,62,72
226,27,5,5,4,2,2,0.1340169906616211,3.719329833984375e-05,0.00035262107849121094,24,30,39
227,28,5,5,4,2,2,0.16309475898742676,3.910064697265625e-05,0.0017046928405761719,30,52,252
228,29,5,5,4,2,2,0.19370222091674805,4.4345855712890625e-05,0.009294748306274414,37,126,616
229,30,5,5,4,2,2,0.16146612167358398,4.220008850097656e-05,0.0039000511169433594,34,77,550
230,31,5,5,4,2,2,0.14970707893371582,4.124641418457031e-05,0.0009894371032714844,26,48,170
231,32,5,5,4,2,2,0.11414027214050293,5.1021575927734375e-05,0.0001266002655029297,17,22,10
232,33,5,5,4,2,2,0.19404125213623047,5.817413330078125e-05,0.004914045333862305,39,121,462
233,34,5,5,4,2,2,0.17699217796325684,5.53131103515625e-05,0.003574848175048828,35,82,256
234,35,5,5,4,2,2,0.11091852188110352,5.555152893066406e-05,0.0001990795135498047,18,21,9
235,36,5,5,4,2,2,0.16158485412597656,3.886222839355469e-05,0.0017638206481933594,30,80,99
236,37,5,5,4,2,2,0.13065743446350098,4.076957702636719e-05,0.0011532306671142578,24,43,132
237,38,5,5,4,2,2,0.10942816734313965,3.600120544433594e-05,0.00022673606872558594,19,25,27
238,39,5,5,4,2,2,0.11923360824584961,3.6716461181640625e-05,0.0002028942108154297,19,29,17
239,40,5,5,4,2,2,0.1346745491027832,4.291534423828125e-05,0.0006263256072998047,27,39,72
240,41,5,5,4,2,2,0.11254167556762695,3.600120544433594e-05,0.00017523765563964844,18,25,16
241,42,5,5,4,2,2,0.16341185569763184,4.100799560546875e-05,0.0012862682342529297,31,78,128
242,43,5,5,4,2,2,0.1294879913330078,5.7220458984375e-05,0.000911712646484375,24,51,100
243,44,5,5,4,2,2,0.13727355003356934,3.7670135498046875e-05,0.0013093948364257812,28,60,160
244,45,5,5,4,2,2,0.15601515769958496,3.7670135498046875e-05,0.0014126300811767578,30,60,163
245,46,5,5,4,2,2,0.10734224319458008,3.6716461181640625e-05,0.00024199485778808594,19,26,18
246,47,5,5,4,2,2,0.1366136074066162,3.552436828613281e-05,0.0004496574401855469,24,36,32
247,48,5,5,4,2,2,0.1320335865020752,3.910064697265625e-05,0.0007162094116210938,25,52,41
248,49,5,5,4,2,2,0.15439438819885254,4.124641418457031e-05,0.0032372474670410156,32,72,324
249,50,5,5,4,2,2,0.15079712867736816,4.1484832763671875e-05,0.0014646053314208984,31,74,198
250,51,5,5,4,2,2,0.1330852508544922,3.719329833984375e-05,0.0006995201110839844,22,49,60
251,52,5,5,4,2,2,0.18790531158447266,4.673004150390625e-05,0.005597829818725586,36,95,396
252,53,5,5,4,2,2,0.1410231590270996,3.9577484130859375e-05,0.0021784305572509766,30,65,304
253,54,5,5,4,2,2,0.13692307472229004,3.790855407714844e-05,0.0007131099700927734,25,44,44
254,55,5,5,4,2,2,0.13565683364868164,4.0531158447265625e-05,0.0011153221130371094,29,67,64
255,56,5,5,4,2,2,0.11140036582946777,3.600120544433594e-05,0.00025081634521484375,21,29,34
256,57,5,5,4,2,2,0.14895367622375488,3.886222839355469e-05,0.003612518310546875,29,81,336
257,58,5,5,4,2,2,0.1481783390045166,4.124641418457031e-05,0.002523183822631836,29,60,154
258,59,5,5,4,2,2,0.13303232192993164,3.814697265625e-05,0.0011632442474365234,26,59,88
259,60,5,5,4,2,2,0.13434553146362305,3.647804260253906e-05,0.00034809112548828125,23,34,46
260,61,5,5,4,2,2,0.13444805145263672,5.8650970458984375e-05,0.00115966796875,26,59,120
261,62,5,5,4,2,2,0.13543295860290527,3.647804260253906e-05,0.0004878044128417969,23,35,40
262,63,5,5,4,2,2,0.15176033973693848,3.981590270996094e-05,0.0024437904357910156,28,74,180
263,64,5,5,4,2,2,0.14714670181274414,4.267692565917969e-05,0.002775907516479492,29,65,166
264,65,5,5,4,2,2,0.09900331497192383,3.7670135498046875e-05,0.0006082057952880859,21,42,48
265,66,5,5,4,2,2,0.1331806182861328,3.5762786865234375e-05,0.0003674030303955078,24,37,32
266,67,5,5,4,2,2,0.12219977378845215,4.0531158447265625e-05,0.0005371570587158203,24,47,38
267,68,5,5,4,2,2,0.1237492561340332,3.647804260253906e-05,0.0003266334533691406,20,34,40
268,69,5,5,4,2,2,0.12614035606384277,5.1021575927734375e-05,0.0008604526519775391,24,46,74
269,70,5,5,4,2,2,0.13683629035949707,3.6716461181640625e-05,0.0018851757049560547,30,75,105
270,71,5,5,4,2,2,0.13746094703674316,3.719329833984375e-05,0.0012764930725097656,25,54,120
271,72,5,5,4,2,2,0.11744427680969238,3.790855407714844e-05,0.0002713203430175781,18,27,42
272,73,5,5,4,2,2,0.21472668647766113,8.463859558105469e-05,0.014311552047729492,47,154,548
273,74,5,5,4,2,2,0.14949488639831543,9.322166442871094e-05,0.0005276203155517578,28,34,52
274,75,5,5,4,2,2,0.15845298767089844,3.838539123535156e-05,0.00393986701965332,30,70,308
275,76,5,5,4,2,2,0.13677573204040527,4.124641418457031e-05,0.0007143020629882812,22,44,72
276,77,5,5,4,2,2,0.16323375701904297,4.315376281738281e-05,0.001848459243774414,33,77,236
277,78,5,5,4,2,2,0.1761946678161621,6.198883056640625e-05,0.004943132400512695,36,103,280
278,79,5,5,4,2,2,0.13756823539733887,3.838539123535156e-05,0.0030095577239990234,29,80,315
279,80,5,5,4,2,2,0.17853426933288574,3.790855407714844e-05,0.0017085075378417969,32,77,138
280,81,5,5,4,2,2,0.13675498962402344,3.62396240234375e-05,0.00037384033203125,21,31,30
281,82,5,5,4,2,2,0.15589261054992676,4.7206878662109375e-05,0.002599954605102539,31,82,260
282,83,5,5,4,2,2,0.11537837982177734,3.528594970703125e-05,0.00015878677368164062,18,25,19
283,84,5,5,4,2,2,0.1582016944885254,4.029273986816406e-05,0.0013074874877929688,28,53,182
284,85,5,5,4,2,2,0.1507582664489746,4.220008850097656e-05,0.001367330551147461,32,55,61
285,86,5,5,4,2,2,0.11774420738220215,3.790855407714844e-05,0.00033783912658691406,23,35,52
286,87,5,5,4,2,2,0.1783428192138672,4.100799560546875e-05,0.005457162857055664,37,114,306
287,88,5,5,4,2,2,0.1314561367034912,3.504753112792969e-05,0.0003936290740966797,22,36,44
288,89,5,5,4,2,2,0.17837929725646973,4.3392181396484375e-05,0.006437063217163086,38,99,624
289,90,5,5,4,2,2,0.13230061531066895,4.1484832763671875e-05,0.0008785724639892578,25,45,96
290,91,5,5,4,2,2,0.110260009765625,3.62396240234375e-05,0.00011730194091796875,17,21,9
291,92,5,5,4,2,2,0.1179051399230957,3.814697265625e-05,0.0005133152008056641,22,35,72
292,93,5,5,4,2,2,0.18028807640075684,4.076957702636719e-05,0.0019097328186035156,35,72,132
293,94,5,5,4,2,2,0.13769841194152832,3.600120544433594e-05,0.0007262229919433594,22,42,117
294,95,5,5,4,2,2,0.16100764274597168,4.076957702636719e-05,0.0029785633087158203,34,77,160
295,96,5,5,4,2,2,0.15654826164245605,4.649162292480469e-05,0.0025680065155029297,30,85,162
296,97,5,5,4,2,2,0.19799256324768066,4.291534423828125e-05,0.007105350494384766,40,98,496
297,98,5,5,4,2,2,0.1382758617401123,3.5762786865234375e-05,0.0007834434509277344,24,48,64
298,99,5,5,4,2,2,0.13792657852172852,3.7670135498046875e-05,0.0010061264038085938,26,51,112
299,100,5,5,4,2,2,0.10895991325378418,3.838539123535156e-05,0.00028133392333984375,20,33,31
300,1,6,5,4,2,2,0.1706538200378418,4.57763671875e-05,0.00209808349609375,33,63,310
301,2,6,5,4,2,2,0.1996748447418213,4.792213439941406e-05,0.005490303039550781,38,93,484
302,3,6,5,4,2,2,0.17940974235534668,5.4836273193359375e-05,0.0012469291687011719,30,51,94
303,4,6,5,4,2,2,0.18943476676940918,4.482269287109375e-05,0.0010080337524414062,30,49,114
304,5,6,5,4,2,2,0.1751103401184082,4.935264587402344e-05,0.006875514984130859,33,74,420
305,6,6,5,4,2,2,0.18607354164123535,4.863739013671875e-05,0.005526542663574219,36,107,252
306,7,6,5,4,2,2,0.15421199798583984,7.43865966796875e-05,0.002449512481689453,30,59,280
307,8,6,5,4,2,2,0.1997356414794922,5.221366882324219e-05,0.006874799728393555,41,119,432
308,9,6,5,4,2,2,0.14736366271972656,4.363059997558594e-05,0.0012679100036621094,27,47,141
309,10,6,5,4,2,2,0.16043949127197266,4.649162292480469e-05,0.003995180130004883,34,73,156
310,11,6,5,4,2,2,0.22424864768981934,5.364418029785156e-05,0.06814980506896973,47,149,3366
311,12,6,5,4,2,2,0.15169072151184082,4.4345855712890625e-05,0.0012679100036621094,25,50,84
312,13,6,5,4,2,2,0.1578516960144043,4.3392181396484375e-05,0.001665353775024414,26,44,154
313,14,6,5,4,2,2,0.13007044792175293,4.673004150390625e-05,0.00032973289489746094,20,30,32
314,15,6,5,4,2,2,0.22934556007385254,5.817413330078125e-05,0.003777742385864258,44,93,402
315,16,6,5,4,2,2,0.17365694046020508,4.982948303222656e-05,0.003907680511474609,32,70,236
316,17,6,5,4,2,2,0.1749279499053955,4.649162292480469e-05,0.003300189971923828,34,73,400
317,18,6,5,4,2,2,0.17644762992858887,4.458427429199219e-05,0.002050638198852539,31,56,162
318,19,6,5,4,2,2,0.20693564414978027,5.054473876953125e-05,0.003140687942504883,38,104,126
319,20,6,5,4,2,2,0.13583850860595703,5.054473876953125e-05,0.0008344650268554688,25,44,49
320,21,6,5,4,2,2,0.18840241432189941,4.8160552978515625e-05,0.015050411224365234,38,99,1512
321,22,6,5,4,2,2,0.17465639114379883,4.8160552978515625e-05,0.0015475749969482422,28,53,140
322,23,6,5,4,2,2,0.1516580581665039,4.553794860839844e-05,0.0012888908386230469,27,41,77
323,24,6,5,4,2,2,0.15610194206237793,4.4345855712890625e-05,0.002827167510986328,30,66,127
324,25,6,5,4,2,2,0.1794276237487793,4.5299530029296875e-05,0.003103494644165039,34,66,324
325,26,6,5,4,2,2,0.1862349510192871,4.76837158203125e-05,0.009165048599243164,38,100,540
326,27,6,5,4,2,2,0.17490482330322266,4.8160552978515625e-05,0.0033752918243408203,33,70,126
327,28,6,5,4,2,2,0.18592214584350586,5.125999450683594e-05,0.0015766620635986328,34,60,203
328,29,6,5,4,2,2,0.1742689609527588,4.839897155761719e-05,0.0020377635955810547,31,55,264
329,30,6,5,4,2,2,0.18637514114379883,7.534027099609375e-05,0.013220071792602539,39,100,1020
330,31,6,5,4,2,2,0.15117239952087402,4.76837158203125e-05,0.0006248950958251953,27,41,81
331,32,6,5,4,2,2,0.1728062629699707,4.7206878662109375e-05,0.0013816356658935547,29,46,91
332,33,6,5,4,2,2,0.1781466007232666,4.38690185546875e-05,0.0010523796081542969,30,48,70
333,34,6,5,4,2,2,0.16367554664611816,4.5299530029296875e-05,0.0014481544494628906,29,63,95
334,35,6,5,4,2,2,0.1928868293762207,8.606910705566406e-05,0.007314443588256836,37,85,592
335,36,6,5,4,2,2,0.1893446445465088,4.744529724121094e-05,0.001968860626220703,34,61,195
336,37,6,5,4,2,2,0.1434173583984375,4.8160552978515625e-05,0.0008690357208251953,26,46,78
337,38,6,5,4,2,2,0.1518697738647461,4.1961669921875e-05,0.0014159679412841797,28,56,88
338,39,6,5,4,2,2,0.16146183013916016,4.172325134277344e-05,0.0009055137634277344,27,44,136
339,40,6,5,4,2,2,0.18475699424743652,4.482269287109375e-05,0.002528667449951172,32,66,224
340,41,6,5,4,2,2,0.21905803680419922,4.696846008300781e-05,0.00712132453918457,41,74,1128
341,42,6,5,4,2,2,0.21773314476013184,4.982948303222656e-05,0.008787155151367188,38,114,472
342,43,6,5,4,2,2,0.18914389610290527,4.267692565917969e-05,0.0010008811950683594,29,50,64
343,44,6,5,4,2,2,0.1578505039215088,4.4345855712890625e-05,0.0004947185516357422,27,46,61
344,45,6,5,4,2,2,0.14192414283752441,4.6253204345703125e-05,0.0008871555328369141,28,40,84
345,46,6,5,4,2,2,0.18426847457885742,6.29425048828125e-05,0.006596088409423828,33,82,546
346,47,6,5,4,2,2,0.21561431884765625,5.125999450683594e-05,0.006096601486206055,41,82,236
347,48,6,5,4,2,2,0.20816516876220703,4.935264587402344e-05,0.0024101734161376953,46,70,396
348,49,6,5,4,2,2,0.18312668800354004,4.291534423828125e-05,0.001786947250366211,31,62,154
349,50,6,5,4,2,2,0.18791794776916504,4.7206878662109375e-05,0.0031709671020507812,33,76,168
350,51,6,5,4,2,2,0.1661818027496338,4.5299530029296875e-05,0.0026199817657470703,29,62,182
351,52,6,5,4,2,2,0.18568158149719238,4.482269287109375e-05,0.002665996551513672,29,56,324
352,53,6,5,4,2,2,0.15831589698791504,4.6253204345703125e-05,0.0015239715576171875,27,48,140
353,54,6,5,4,2,2,0.1831068992614746,4.863739013671875e-05,0.0020329952239990234,36,71,72
354,55,6,5,4,2,2,0.1499783992767334,4.744529724121094e-05,0.0011818408966064453,25,43,96
355,56,6,5,4,2,2,0.30808067321777344,4.5299530029296875e-05,0.009207487106323242,49,78,680
356,57,6,5,4,2,2,0.2038102149963379,4.4345855712890625e-05,0.0016674995422363281,30,58,96
357,58,6,5,4,2,2,0.24216437339782715,4.7206878662109375e-05,0.0035810470581054688,37,77,520
358,59,6,5,4,2,2,0.197265625,4.7206878662109375e-05,0.003740549087524414,36,81,256
359,60,6,5,4,2,2,0.18570613861083984,4.649162292480469e-05,0.003687143325805664,33,70,174
360,61,6,5,4,2,2,0.17160701751708984,7.271766662597656e-05,0.0017933845520019531,31,70,105
361,62,6,5,4,2,2,0.18514657020568848,5.030632019042969e-05,0.015939950942993164,38,100,1166
362,63,6,5,4,2,2,0.16895675659179688,4.8160552978515625e-05,0.001680612564086914,29,59,170
363,64,6,5,4,2,2,0.21508002281188965,4.649162292480469e-05,0.00717926025390625,38,74,495
364,65,6,5,4,2,2,0.1807689666748047,4.76837158203125e-05,0.0038068294525146484,36,79,504
365,66,6,5,4,2,2,0.15871548652648926,4.6253204345703125e-05,0.0008668899536132812,32,49,42
366,67,6,5,4,2,2,0.2653970718383789,5.8650970458984375e-05,0.1882624626159668,58,230,6624
367,68,6,5,4,2,2,0.1570134162902832,4.553794860839844e-05,0.0007991790771484375,29,49,80
368,69,6,5,4,2,2,0.1654491424560547,4.482269287109375e-05,0.0018324851989746094,30,61,172
369,70,6,5,4,2,2,0.141876220703125,4.673004150390625e-05,0.0008196830749511719,25,44,90
370,71,6,5,4,2,2,0.23618745803833008,5.412101745605469e-05,0.08139467239379883,51,170,5288
371,72,6,5,4,2,2,0.15441131591796875,4.506111145019531e-05,0.0011162757873535156,28,54,126
372,73,6,5,4,2,2,0.15916109085083008,4.696846008300781e-05,0.0020132064819335938,27,54,187
373,74,6,5,4,2,2,0.20772385597229004,5.078315734863281e-05,0.00205230712890625,34,83,150
374,75,6,5,4,2,2,0.1801295280456543,5.412101745605469e-05,0.01669478416442871,36,110,1209
375,76,6,5,4,2,2,0.1785421371459961,5.745887756347656e-05,0.0060710906982421875,34,91,495
376,77,6,5,4,2,2,0.1297762393951416,4.458427429199219e-05,0.00040340423583984375,21,32,35
377,78,6,5,4,2,2,0.17067217826843262,4.601478576660156e-05,0.003514528274536133,33,63,265
378,79,6,5,4,2,2,0.1683812141418457,4.744529724121094e-05,0.0020089149475097656,31,51,300
379,80,6,5,4,2,2,0.1471118927001953,4.792213439941406e-05,0.0012621879577636719,25,43,124
380,81,6,5,4,2,2,0.1732475757598877,7.62939453125e-05,0.0021567344665527344,33,63,140
381,82,6,5,4,2,2,0.15400004386901855,5.125999450683594e-05,0.00028204917907714844,24,33,16
382,83,6,5,4,2,2,0.15756988525390625,4.410743713378906e-05,0.0002856254577636719,26,33,21
383,84,6,5,4,2,2,0.18871521949768066,4.553794860839844e-05,0.006094455718994141,36,79,404
384,85,6,5,4,2,2,0.1719205379486084,4.982948303222656e-05,0.002568960189819336,32,71,141
385,86,6,5,4,2,2,0.17285513877868652,4.7206878662109375e-05,0.0009081363677978516,33,53,72
386,87,6,5,4,2,2,0.15788769721984863,4.57763671875e-05,0.0020494461059570312,30,57,168
387,88,6,5,4,2,2,0.13663673400878906,4.3392181396484375e-05,0.00061798095703125,22,35,56
388,89,6,5,4,2,2,0.23098301887512207,4.792213439941406e-05,0.0043184757232666016,38,111,203
389,90,6,5,4,2,2,0.17075228691101074,4.6253204345703125e-05,0.0012242794036865234,35,55,138
390,91,6,5,4,2,2,0.21661090850830078,4.9591064453125e-05,0.019255876541137695,46,122,1264
391,92,6,5,4,2,2,0.1487412452697754,4.553794860839844e-05,0.0006604194641113281,22,33,42
392,93,6,5,4,2,2,0.2010645866394043,5.316734313964844e-05,0.0033922195434570312,37,97,272
393,94,6,5,4,2,2,0.2030622959136963,5.030632019042969e-05,0.005651235580444336,36,83,426
394,95,6,5,4,2,2,0.2686777114868164,5.3882598876953125e-05,0.10765552520751953,55,200,4256
395,96,6,5,4,2,2,0.19825410842895508,4.76837158203125e-05,0.008987903594970703,43,113,453
396,97,6,5,4,2,2,0.19708895683288574,4.76837158203125e-05,0.014041900634765625,39,107,760
397,98,6,5,4,2,2,0.18882155418395996,4.553794860839844e-05,0.007628440856933594,39,97,744
398,99,6,5,4,2,2,0.13845396041870117,6.318092346191406e-05,0.0009388923645019531,25,44,71
399,100,6,5,4,2,2,0.1815347671508789,4.57763671875e-05,0.006031990051269531,33,71,432
400,1,7,5,4,2,2,0.2089061737060547,5.936622619628906e-05,0.021416664123535156,37,100,1500
401,2,7,5,4,2,2,0.2667214870452881,6.0558319091796875e-05,0.12584781646728516,51,173,4620
402,3,7,5,4,2,2,0.1888718605041504,5.507469177246094e-05,0.009003877639770508,37,84,826
403,4,7,5,4,2,2,0.21887612342834473,7.557868957519531e-05,0.013640403747558594,42,111,1052
404,5,7,5,4,2,2,0.215834379196167,5.698204040527344e-05,0.018290042877197266,41,99,1584
405,6,7,5,4,2,2,0.21886634826660156,5.745887756347656e-05,0.025365114212036133,43,103,1072
406,7,7,5,4,2,2,0.23168706893920898,5.8650970458984375e-05,0.022304296493530273,44,133,1056
407,8,7,5,4,2,2,0.17620110511779785,5.936622619628906e-05,0.0008642673492431641,28,40,73
408,9,7,5,4,2,2,0.2107999324798584,9.489059448242188e-05,0.03182411193847656,44,123,1296
409,10,7,5,4,2,2,0.2058265209197998,5.4836273193359375e-05,0.017075777053833008,40,98,1424
410,11,7,5,4,2,2,0.2355961799621582,5.936622619628906e-05,0.03991079330444336,47,143,3968
411,12,7,5,4,2,2,0.17757415771484375,5.245208740234375e-05,0.0006952285766601562,32,47,27
412,13,7,5,4,2,2,0.23828458786010742,6.175041198730469e-05,0.00709080696105957,43,107,360
413,14,7,5,4,2,2,0.22609877586364746,5.817413330078125e-05,0.002125263214111328,35,64,145
414,15,7,5,4,2,2,0.2682681083679199,5.602836608886719e-05,0.013446569442749023,50,117,632
415,16,7,5,4,2,2,0.1817915439605713,5.698204040527344e-05,0.0016405582427978516,31,49,152
416,17,7,5,4,2,2,0.24087071418762207,5.626678466796875e-05,0.013533353805541992,46,114,800
417,18,7,5,4,2,2,0.1949303150177002,5.173683166503906e-05,0.003165006637573242,33,58,378
418,19,7,5,4,2,2,0.20760631561279297,5.7220458984375e-05,0.009639263153076172,39,92,378
419,20,7,5,4,2,2,0.1763155460357666,5.5789947509765625e-05,0.003485441207885742,32,67,144
420,21,7,5,4,2,2,0.2266535758972168,5.745887756347656e-05,0.04090476036071777,47,132,3178
421,22,7,5,4,2,2,0.1954183578491211,5.269050598144531e-05,0.002304553985595703,35,65,162
422,23,7,5,4,2,2,0.24504709243774414,5.698204040527344e-05,0.029898643493652344,49,114,1648
423,24,7,5,4,2,2,0.2595212459564209,5.91278076171875e-05,0.010940313339233398,40,74,1200
424,25,7,5,4,2,2,0.20932269096374512,5.602836608886719e-05,0.005814790725708008,35,69,288
425,26,7,5,4,2,2,0.17793846130371094,5.602836608886719e-05,0.0035147666931152344,33,61,208
426,27,7,5,4,2,2,0.21989965438842773,6.008148193359375e-05,0.00847935676574707,39,81,660
427,28,7,5,4,2,2,0.16714096069335938,5.459785461425781e-05,0.0016007423400878906,31,54,116
428,29,7,5,4,2,2,0.18861079216003418,6.008148193359375e-05,0.008524417877197266,38,83,930
429,30,7,5,4,2,2,0.2141737937927246,8.726119995117188e-05,0.006591081619262695,39,77,603
430,31,7,5,4,2,2,0.23244690895080566,6.842613220214844e-05,0.055396318435668945,44,116,3136
431,32,7,5,4,2,2,0.22080016136169434,5.507469177246094e-05,0.012634515762329102,40,92,1200
432,33,7,5,4,2,2,0.23180532455444336,5.173683166503906e-05,0.0014460086822509766,43,73,94
433,34,7,5,4,2,2,0.22509336471557617,5.9604644775390625e-05,0.011217594146728516,41,96,580
434,35,7,5,4,2,2,0.18397879600524902,8.988380432128906e-05,0.003409147262573242,32,64,162
435,36,7,5,4,2,2,0.25870370864868164,9.560585021972656e-05,0.04216265678405762,52,116,1440
436,37,7,5,4,2,2,0.1933879852294922,5.7697296142578125e-05,0.0025322437286376953,34,62,119
437,38,7,5,4,2,2,0.2505631446838379,6.031990051269531e-05,0.0545964241027832,50,147,2678
438,39,7,5,4,2,2,0.18901968002319336,5.245208740234375e-05,0.005903482437133789,35,61,720
439,40,7,5,4,2,2,0.2143876552581787,5.507469177246094e-05,0.011345624923706055,39,81,849
440,41,7,5,4,2,2,0.203338623046875,5.125999450683594e-05,0.00038361549377441406,33,41,28
441,42,7,5,4,2,2,0.18475127220153809,5.221366882324219e-05,0.002838134765625,32,57,226
442,43,7,5,4,2,2,0.26355552673339844,6.914138793945312e-05,0.06670117378234863,52,178,3564
443,44,7,5,4,2,2,0.1808640956878662,5.841255187988281e-05,0.003804922103881836,31,56,313
444,45,7,5,4,2,2,0.17610406875610352,5.3882598876953125e-05,0.0026063919067382812,29,50,216
445,46,7,5,4,2,2,0.19379377365112305,5.817413330078125e-05,0.0035812854766845703,34,71,303
446,47,7,5,4,2,2,0.18647193908691406,6.222724914550781e-05,0.0026826858520507812,32,55,224
447,48,7,5,4,2,2,0.18052077293395996,6.890296936035156e-05,0.003813028335571289,31,56,355
448,49,7,5,4,2,2,0.2225360870361328,6.127357482910156e-05,0.051598310470581055,45,157,1866
449,50,7,5,4,2,2,0.1949939727783203,7.486343383789062e-05,0.005147218704223633,36,75,222
450,51,7,5,4,2,2,0.2712583541870117,6.008148193359375e-05,0.07059574127197266,54,166,6846
451,52,7,5,4,2,2,0.21128368377685547,5.364418029785156e-05,0.007490634918212891,41,65,346
452,53,7,5,4,2,2,0.1952838897705078,5.221366882324219e-05,0.0030510425567626953,32,63,168
453,54,7,5,4,2,2,0.18686127662658691,0.00010633468627929688,0.006470680236816406,35,69,800
454,55,7,5,4,2,2,0.20365667343139648,5.6743621826171875e-05,0.0033965110778808594,34,63,320
455,56,7,5,4,2,2,0.19814252853393555,7.510185241699219e-05,0.007475852966308594,35,76,321
456,57,7,5,4,2,2,0.18747401237487793,5.459785461425781e-05,0.003923892974853516,34,56,560
457,58,7,5,4,2,2,0.17517471313476562,5.435943603515625e-05,0.0055866241455078125,31,60,378
458,59,7,5,4,2,2,0.20366668701171875,7.843971252441406e-05,0.0008540153503417969,36,54,110
459,60,7,5,4,2,2,0.18123126029968262,5.4836273193359375e-05,0.0014979839324951172,30,46,120
460,61,7,5,4,2,2,0.2230360507965088,6.103515625e-05,0.027961254119873047,46,116,1608
461,62,7,5,4,2,2,0.19959521293640137,5.817413330078125e-05,0.006165266036987305,40,88,528
462,63,7,5,4,2,2,0.1947927474975586,5.555152893066406e-05,0.004319190979003906,35,75,266
463,64,7,5,4,2,2,0.20397353172302246,5.507469177246094e-05,0.00474238395690918,36,73,284
464,65,7,5,4,2,2,0.20017433166503906,5.7220458984375e-05,0.009744405746459961,37,91,744
465,66,7,5,4,2,2,0.2066209316253662,5.745887756347656e-05,0.007379293441772461,40,84,486
466,67,7,5,4,2,2,0.1832277774810791,5.555152893066406e-05,0.0018031597137451172,35,62,68
467,68,7,5,4,2,2,0.21055078506469727,5.4836273193359375e-05,0.010460138320922852,39,79,450
468,69,7,5,4,2,2,0.21071839332580566,5.698204040527344e-05,0.012284994125366211,41,90,534
469,70,7,5,4,2,2,0.21623468399047852,5.3882598876953125e-05,0.006375551223754883,39,76,238
470,71,7,5,4,2,2,0.16318798065185547,5.650520324707031e-05,0.0003032684326171875,23,32,24
471,72,7,5,4,2,2,0.2505044937133789,6.008148193359375e-05,0.008795976638793945,47,150,426
472,73,7,5,4,2,2,0.20687055587768555,5.7697296142578125e-05,0.002325773239135742,36,74,118
473,74,7,5,4,2,2,0.20069646835327148,5.245208740234375e-05,0.0037889480590820312,38,61,460
474,75,7,5,4,2,2,0.3071732521057129,6.079673767089844e-05,0.06516122817993164,55,199,5992
475,76,7,5,4,2,2,0.16377687454223633,5.698204040527344e-05,0.0007987022399902344,27,41,52
476,77,7,5,4,2,2,0.2748250961303711,5.936622619628906e-05,0.1596827507019043,56,182,9600
477,78,7,5,4,2,2,0.1699373722076416,4.9591064453125e-05,0.004113435745239258,30,58,246
478,79,7,5,4,2,2,0.2133941650390625,5.173683166503906e-05,0.01917576789855957,40,102,1287
479,80,7,5,4,2,2,0.18960118293762207,5.841255187988281e-05,0.005135774612426758,38,88,400
480,81,7,5,4,2,2,0.21694064140319824,5.555152893066406e-05,0.0055999755859375,40,106,262
481,82,7,5,4,2,2,0.24473834037780762,5.626678466796875e-05,0.006938457489013672,41,96,750
482,83,7,5,4,2,2,0.21188616752624512,6.103515625e-05,0.033583879470825195,43,125,1980
483,84,7,5,4,2,2,0.20388174057006836,5.817413330078125e-05,0.009898900985717773,37,70,680
484,85,7,5,4,2,2,0.20632648468017578,5.745887756347656e-05,0.0247800350189209,41,112,1360
485,86,7,5,4,2,2,0.16680049896240234,5.698204040527344e-05,0.003946781158447266,31,61,260
486,87,7,5,4,2,2,0.22315144538879395,5.3882598876953125e-05,0.00495600700378418,41,70,528
487,88,7,5,4,2,2,0.19879150390625,5.936622619628906e-05,0.006809234619140625,37,86,422
488,89,7,5,4,2,2,0.25719499588012695,6.318092346191406e-05,0.13307714462280273,51,183,5112
489,90,7,5,4,2,2,0.19623279571533203,5.245208740234375e-05,0.006142377853393555,37,76,444
490,91,7,5,4,2,2,0.22384333610534668,6.413459777832031e-05,0.013940095901489258,49,115,913
491,92,7,5,4,2,2,0.20665550231933594,6.0558319091796875e-05,0.006063699722290039,37,100,440
492,93,7,5,4,2,2,0.22649598121643066,5.817413330078125e-05,0.005979299545288086,42,76,561
493,94,7,5,4,2,2,0.2087709903717041,6.222724914550781e-05,0.012258291244506836,49,135,1280
494,95,7,5,4,2,2,0.22620391845703125,5.984306335449219e-05,0.025822162628173828,48,117,2592
495,96,7,5,4,2,2,0.16087603569030762,5.412101745605469e-05,0.0009675025939941406,26,39,120
496,97,7,5,4,2,2,0.17582941055297852,5.626678466796875e-05,0.0015478134155273438,31,51,85
497,98,7,5,4,2,2,0.1923987865447998,5.9604644775390625e-05,0.008560657501220703,41,79,400
498,99,7,5,4,2,2,0.18618083000183105,5.7220458984375e-05,0.004433393478393555,33,64,294
499,100,7,5,4,2,2,0.21815705299377441,5.602836608886719e-05,0.008913516998291016,40,67,595
500,1,8,5,4,2,2,0.2032785415649414,6.532669067382812e-05,0.01265096664428711,38,76,882
501,2,8,5,4,2,2,0.18475556373596191,6.508827209472656e-05,0.0025801658630371094,32,59,200
502,3,8,5,4,2,2,0.2588367462158203,7.867813110351562e-05,0.021511077880859375,48,175,1003
503,4,8,5,4,2,2,0.2652556896209717,6.461143493652344e-05,0.10569238662719727,53,168,7488
504,5,8,5,4,2,2,0.20485138893127441,6.961822509765625e-05,0.005893707275390625,38,80,480
505,6,8,5,4,2,2,0.21448993682861328,6.747245788574219e-05,0.00807952880859375,41,80,440
506,7,8,5,4,2,2,0.234161376953125,6.747245788574219e-05,0.0039331912994384766,40,65,330
507,8,8,5,4,2,2,0.21021342277526855,0.00010085105895996094,0.017125606536865234,39,78,1035
508,9,8,5,4,2,2,0.1895277500152588,6.198883056640625e-05,0.002305746078491211,32,54,160
509,10,8,5,4,2,2,0.2543923854827881,7.319450378417969e-05,0.030823707580566406,50,140,2260
510,11,8,5,4,2,2,0.1962413787841797,6.270408630371094e-05,0.001894235610961914,31,52,108
511,12,8,5,4,2,2,0.2514817714691162,6.604194641113281e-05,0.07666826248168945,48,142,4431
512,13,8,5,4,2,2,0.26783013343811035,6.985664367675781e-05,0.14519333839416504,51,132,9870
513,14,8,5,4,2,2,0.2084646224975586,6.341934204101562e-05,0.009376287460327148,38,68,344
514,15,8,5,4,2,2,0.2213914394378662,6.67572021484375e-05,0.010701179504394531,39,89,543
515,16,8,5,4,2,2,0.27543139457702637,6.413459777832031e-05,0.023345470428466797,49,100,2856
516,17,8,5,4,2,2,0.20924162864685059,6.413459777832031e-05,0.003457784652709961,39,82,240
517,18,8,5,4,2,2,0.2427811622619629,6.151199340820312e-05,0.00532221794128418,41,73,504
518,19,8,5,4,2,2,0.2122507095336914,6.198883056640625e-05,0.009680747985839844,37,83,546
519,20,8,5,4,2,2,0.2074739933013916,6.222724914550781e-05,0.004665851593017578,39,77,448
520,21,8,5,4,2,2,0.2264268398284912,6.604194641113281e-05,0.027870655059814453,46,127,1836
521,22,8,5,4,2,2,0.19337224960327148,6.341934204101562e-05,0.0014600753784179688,31,50,63
522,23,8,5,4,2,2,0.23776888847351074,7.128715515136719e-05,0.0106201171875,45,89,528
523,24,8,5,4,2,2,0.2611377239227295,6.67572021484375e-05,0.043125152587890625,43,97,3068
524,25,8,5,4,2,2,0.2292165756225586,6.508827209472656e-05,0.008653402328491211,43,91,960
525,26,8,5,4,2,2,0.2501075267791748,6.842613220214844e-05,0.04924893379211426,46,129,3000
526,27,8,5,4,2,2,0.26765894889831543,6.175041198730469e-05,0.0175173282623291,41,93,864
527,28,8,5,4,2,2,0.24385619163513184,6.461143493652344e-05,0.03525686264038086,48,110,2301
528,29,8,5,4,2,2,0.23959660530090332,6.771087646484375e-05,0.013229608535766602,45,102,336
529,30,8,5,4,2,2,0.21013593673706055,7.963180541992188e-05,0.018942832946777344,38,80,1008
530,31,8,5,4,2,2,0.3022611141204834,7.343292236328125e-05,0.26022958755493164,66,198,13824
531,32,8,5,4,2,2,0.21876072883605957,6.67572021484375e-05,0.013079643249511719,45,94,630
532,33,8,5,4,2,2,0.2279956340789795,6.723403930664062e-05,0.05742597579956055,48,120,4048
533,34,8,5,4,2,2,0.2364046573638916,8.988380432128906e-05,0.0257570743560791,47,118,2464
534,35,8,5,4,2,2,0.2453458309173584,6.866455078125e-05,0.024140357971191406,49,113,1064
535,36,8,5,4,2,2,0.22889184951782227,6.651878356933594e-05,0.011447668075561523,44,93,1132
536,37,8,5,4,2,2,0.21767830848693848,9.655952453613281e-05,0.004782199859619141,39,73,156
537,38,8,5,4,2,2,0.20789694786071777,6.818771362304688e-05,0.006232738494873047,37,72,440
538,39,8,5,4,2,2,0.18861651420593262,0.00010251998901367188,0.006802558898925781,33,68,240
539,40,8,5,4,2,2,0.24802565574645996,6.365776062011719e-05,0.011475563049316406,45,93,672
540,41,8,5,4,2,2,0.2130568027496338,6.341934204101562e-05,0.021564483642578125,40,81,1440
541,42,8,5,4,2,2,0.2602715492248535,0.0001125335693359375,0.025646209716796875,50,97,2184
542,43,8,5,4,2,2,0.2112269401550293,6.413459777832031e-05,0.007720470428466797,39,73,408
543,44,8,5,4,2,2,0.2177872657775879,6.4849853515625e-05,0.0046384334564208984,33,57,374
544,45,8,5,4,2,2,0.2436203956604004,6.961822509765625e-05,0.04932665824890137,46,110,4608
545,46,8,5,4,2,2,0.26018285751342773,6.628036499023438e-05,0.04368305206298828,52,118,4680
546,47,8,5,4,2,2,0.2685527801513672,6.461143493652344e-05,0.010623931884765625,45,98,604
547,48,8,5,4,2,2,0.20221233367919922,9.894371032714844e-05,0.010556459426879883,36,75,544
548,49,8,5,4,2,2,0.24883365631103516,6.246566772460938e-05,0.04054880142211914,48,112,2800
549,50,8,5,4,2,2,0.24164938926696777,8.130073547363281e-05,0.1053473949432373,47,119,4248
550,51,8,5,4,2,2,0.2111358642578125,6.4849853515625e-05,0.002816915512084961,36,63,160
551,52,8,5,4,2,2,0.24891209602355957,6.771087646484375e-05,0.05980110168457031,50,116,1636
552,53,8,5,4,2,2,0.2478961944580078,6.365776062011719e-05,0.09839677810668945,46,117,5220
553,54,8,5,4,2,2,0.3007683753967285,7.677078247070312e-05,0.26791810989379883,56,161,14280
554,55,8,5,4,2,2,0.20248079299926758,6.365776062011719e-05,0.0046482086181640625,36,60,296
555,56,8,5,4,2,2,0.226609468460083,8.296966552734375e-05,0.018033266067504883,42,91,992
556,57,8,5,4,2,2,0.18373489379882812,6.365776062011719e-05,0.0014884471893310547,31,45,108
557,58,8,5,4,2,2,0.29875993728637695,7.081031799316406e-05,0.3536849021911621,62,187,33432
558,59,8,5,4,2,2,0.23515653610229492,6.556510925292969e-05,0.04328799247741699,44,100,1452
559,60,8,5,4,2,2,0.2447066307067871,6.67572021484375e-05,0.009515762329101562,45,97,864
560,61,8,5,4,2,2,0.244140625,6.699562072753906e-05,0.010583162307739258,43,79,1008
561,62,8,5,4,2,2,0.24963951110839844,6.437301635742188e-05,0.04613828659057617,49,108,2364
562,63,8,5,4,2,2,0.19986867904663086,9.679794311523438e-05,0.002263784408569336,33,58,248
563,64,8,5,4,2,2,0.22191500663757324,6.604194641113281e-05,0.010729789733886719,41,83,412
564,65,8,5,4,2,2,0.2808229923248291,7.05718994140625e-05,0.05559039115905762,51,126,2772
565,66,8,5,4,2,2,0.2636134624481201,6.771087646484375e-05,0.043390750885009766,51,103,1360
566,67,8,5,4,2,2,0.23606300354003906,6.651878356933594e-05,0.0075380802154541016,44,88,272
567,68,8,5,4,2,2,0.25166964530944824,6.914138793945312e-05,0.06524872779846191,49,155,4250
568,69,8,5,4,2,2,0.23934507369995117,0.00010943412780761719,0.1465291976928711,49,158,4640
569,70,8,5,4,2,2,0.25438642501831055,6.794929504394531e-05,0.13480854034423828,52,140,9280
570,71,8,5,4,2,2,0.21073555946350098,6.794929504394531e-05,0.008631467819213867,40,78,327
571,72,8,5,4,2,2,0.1813066005706787,6.0558319091796875e-05,0.00457000732421875,35,64,320
572,73,8,5,4,2,2,0.2548229694366455,6.842613220214844e-05,0.043645381927490234,46,118,2394
573,74,8,5,4,2,2,0.2416548728942871,6.318092346191406e-05,0.005801677703857422,37,70,396
574,75,8,5,4,2,2,0.2514302730560303,6.723403930664062e-05,0.01831841468811035,46,104,1170
575,76,8,5,4,2,2,0.24591302871704102,9.775161743164062e-05,0.017653226852416992,45,94,576
576,77,8,5,4,2,2,0.24492764472961426,7.271766662597656e-05,0.05923104286193848,51,125,3110
577,78,8,5,4,2,2,0.2235431671142578,0.0003681182861328125,0.018067121505737305,42,94,1044
578,79,8,5,4,2,2,0.23738837242126465,6.508827209472656e-05,0.010818004608154297,43,92,396
579,80,8,5,4,2,2,0.24633288383483887,7.05718994140625e-05,0.061162471771240234,48,112,2928
580,81,8,5,4,2,2,0.315932035446167,7.486343383789062e-05,0.5924184322357178,64,238,18792
581,82,8,5,4,2,2,0.21505045890808105,6.604194641113281e-05,0.019188642501831055,42,79,1384
582,83,8,5,4,2,2,0.2512223720550537,6.937980651855469e-05,0.030764341354370117,47,108,1272
583,84,8,5,4,2,2,0.22973990440368652,6.604194641113281e-05,0.0411992073059082,47,128,3256
584,85,8,5,4,2,2,0.22446393966674805,7.128715515136719e-05,0.02567458152770996,43,94,2088
585,86,8,5,4,2,2,0.23668336868286133,9.226799011230469e-05,0.016338825225830078,41,90,1152
586,87,8,5,4,2,2,0.329787015914917,7.510185241699219e-05,0.22059249877929688,70,217,8460
587,88,8,5,4,2,2,0.2692146301269531,6.723403930664062e-05,0.04682493209838867,55,146,2376
588,89,8,5,4,2,2,0.21697473526000977,6.318092346191406e-05,0.0020775794982910156,37,53,123
589,90,8,5,4,2,2,0.2459864616394043,6.556510925292969e-05,0.006171226501464844,37,76,230
590,91,8,5,4,2,2,0.21640896797180176,6.413459777832031e-05,0.005838155746459961,38,69,330
591,92,8,5,4,2,2,0.22208666801452637,6.389617919921875e-05,0.003316640853881836,39,67,200
592,93,8,5,4,2,2,0.20781779289245605,6.437301635742188e-05,0.0032150745391845703,36,58,141
593,94,8,5,4,2,2,0.26740503311157227,0.00011348724365234375,0.16255664825439453,54,134,6336
594,95,8,5,4,2,2,0.2968933582305908,7.653236389160156e-05,0.2225022315979004,57,171,10400
595,96,8,5,4,2,2,0.2438671588897705,7.343292236328125e-05,0.0534670352935791,46,130,2252
596,97,8,5,4,2,2,0.27204012870788574,6.794929504394531e-05,0.21786904335021973,49,146,10296
597,98,8,5,4,2,2,0.29362964630126953,0.00014090538024902344,0.014399051666259766,57,98,1192
598,99,8,5,4,2,2,0.2144937515258789,6.508827209472656e-05,0.00875234603881836,39,80,480
599,100,8,5,4,2,2,0.21666932106018066,6.175041198730469e-05,0.0024881362915039062,34,57,144
600,1,9,5,4,2,2,0.269986629486084,7.414817810058594e-05,0.0366969108581543,51,111,928
601,2,9,5,4,2,2,0.2966279983520508,7.796287536621094e-05,0.0662846565246582,50,122,5940
602,3,9,5,4,2,2,0.2518610954284668,7.224082946777344e-05,0.012603998184204102,47,82,660
603,4,9,5,4,2,2,0.26895761489868164,8.034706115722656e-05,0.030694007873535156,48,104,1624
604,5,9,5,4,2,2,0.38749217987060547,8.654594421386719e-05,0.08251237869262695,67,134,11507
605,6,9,5,4,2,2,0.2517833709716797,7.319450378417969e-05,0.01538228988647461,39,76,1080
606,7,9,5,4,2,2,0.2761993408203125,0.00013637542724609375,0.020984172821044922,49,112,1480
607,8,9,5,4,2,2,0.24198651313781738,7.843971252441406e-05,0.01122283935546875,39,73,1008
608,9,9,5,4,2,2,0.2849090099334717,7.534027099609375e-05,0.08636736869812012,50,119,4752
609,10,9,5,4,2,2,0.23906898498535156,0.00015807151794433594,0.005518436431884766,37,59,376
610,11,9,5,4,2,2,0.26096105575561523,7.343292236328125e-05,0.040277719497680664,47,117,2800
611,12,9,5,4,2,2,0.3113138675689697,0.00010228157043457031,0.548243522644043,60,162,41400
612,13,9,5,4,2,2,0.23225808143615723,0.00012230873107910156,0.012180566787719727,46,95,825
613,14,9,5,4,2,2,0.29245591163635254,7.724761962890625e-05,0.07304167747497559,53,140,2736
614,15,9,5,4,2,2,0.3005363941192627,9.72747802734375e-05,0.02763509750366211,52,120,1092
615,16,9,5,4,2,2,0.23703861236572266,7.390975952148438e-05,0.012279987335205078,42,85,566
616,17,9,5,4,2,2,0.31021857261657715,8.726119995117188e-05,0.2195420265197754,67,211,11400
617,18,9,5,4,2,2,0.25610828399658203,7.82012939453125e-05,0.07962703704833984,50,127,2684
618,19,9,5,4,2,2,0.3000626564025879,0.00016808509826660156,0.1681363582611084,57,133,17980
619,20,9,5,4,2,2,0.26464343070983887,7.700920104980469e-05,0.04593062400817871,46,110,2108
620,21,9,5,4,2,2,0.2720153331756592,7.390975952148438e-05,0.033384084701538086,51,105,1428
621,22,9,5,4,2,2,0.27748990058898926,0.00011754035949707031,0.11781787872314453,52,109,7920
622,23,9,5,4,2,2,0.25496912002563477,7.152557373046875e-05,0.008921146392822266,38,69,882
623,24,9,5,4,2,2,0.27570462226867676,8.153915405273438e-05,0.05937647819519043,51,131,2920
624,25,9,5,4,2,2,0.23600220680236816,7.557868957519531e-05,0.04552197456359863,43,97,3936
625,26,9,5,4,2,2,0.2967650890350342,8.0108642578125e-05,0.1382427215576172,57,147,5432
626,27,9,5,4,2,2,0.29855823516845703,8.273124694824219e-05,1.0135858058929443,63,194,57600
627,28,9,5,4,2,2,0.2974255084991455,8.0108642578125e-05,0.10609078407287598,52,124,6786
628,29,9,5,4,2,2,0.27834081649780273,8.20159912109375e-05,0.16825652122497559,53,127,8272
629,30,9,5,4,2,2,0.27359747886657715,7.510185241699219e-05,0.018036365509033203,50,105,882
630,31,9,5,4,2,2,0.28693175315856934,8.296966552734375e-05,0.13013219833374023,55,133,5316
631,32,9,5,4,2,2,0.24376773834228516,9.965896606445312e-05,0.023462295532226562,46,95,1728
632,33,9,5,4,2,2,0.298722505569458,7.772445678710938e-05,0.22295618057250977,56,133,13260
633,34,9,5,4,2,2,0.24095916748046875,0.00011873245239257812,0.026226282119750977,47,95,705
634,35,9,5,4,2,2,0.2601163387298584,7.271766662597656e-05,0.02666616439819336,52,111,2400
635,36,9,5,4,2,2,0.2605764865875244,7.534027099609375e-05,0.037461042404174805,53,115,1784
636,37,9,5,4,2,2,0.30222010612487793,7.653236389160156e-05,0.08232355117797852,55,125,5040
637,38,9,5,4,2,2,0.27634096145629883,7.867813110351562e-05,0.06467151641845703,48,121,3240
638,39,9,5,4,2,2,0.2685878276824951,0.00011038780212402344,0.04549837112426758,50,105,3192
639,40,9,5,4,2,2,0.30612826347351074,7.700920104980469e-05,0.08572149276733398,51,136,2464
640,41,9,5,4,2,2,0.25442075729370117,7.843971252441406e-05,0.3037102222442627,52,137,19824
641,42,9,5,4,2,2,0.24661660194396973,8.153915405273438e-05,0.027434110641479492,46,122,2200
642,43,9,5,4,2,2,0.27618837356567383,7.987022399902344e-05,0.15747523307800293,57,140,9600
643,44,9,5,4,2,2,0.27724289894104004,7.534027099609375e-05,0.042188405990600586,51,117,2680
644,45,9,5,4,2,2,0.3027534484863281,7.534027099609375e-05,0.07594585418701172,59,173,4050
645,46,9,5,4,2,2,0.3154592514038086,8.0108642578125e-05,0.41976404190063477,66,174,16248
646,47,9,5,4,2,2,0.2526681423187256,9.489059448242188e-05,0.021615982055664062,49,91,1836
647,48,9,5,4,2,2,0.2625088691711426,7.557868957519531e-05,0.010493040084838867,42,88,460
648,49,9,5,4,2,2,0.26360154151916504,7.700920104980469e-05,0.024940967559814453,40,84,1134
649,50,9,5,4,2,2,0.2859222888946533,7.700920104980469e-05,0.03658318519592285,50,118,2052
650,51,9,5,4,2,2,0.2808685302734375,8.034706115722656e-05,0.061621665954589844,52,111,3850
651,52,9,5,4,2,2,0.2613096237182617,7.677078247070312e-05,0.03551602363586426,48,105,1840
652,53,9,5,4,2,2,0.2586479187011719,7.748603820800781e-05,0.06751394271850586,47,104,3120
653,54,9,5,4,2,2,0.26047277450561523,7.653236389160156e-05,0.018744468688964844,49,95,644
654,55,9,5,4,2,2,0.2678413391113281,7.510185241699219e-05,0.03343772888183594,53,105,1215
655,56,9,5,4,2,2,0.2368316650390625,7.748603820800781e-05,0.027359485626220703,45,95,1068
656,57,9,5,4,2,2,0.2651700973510742,7.557868957519531e-05,0.019541025161743164,47,100,1344
657,58,9,5,4,2,2,0.3101511001586914,7.724761962890625e-05,0.02931523323059082,50,107,1872
658,59,9,5,4,2,2,0.25771355628967285,7.724761962890625e-05,0.01089787483215332,41,79,418
659,60,9,5,4,2,2,0.29831886291503906,8.344650268554688e-05,0.41394925117492676,61,201,23192
660,61,9,5,4,2,2,0.2540152072906494,7.390975952148438e-05,0.019009113311767578,40,73,1280
661,62,9,5,4,2,2,0.25183582305908203,7.796287536621094e-05,0.03143787384033203,45,93,2448
662,63,9,5,4,2,2,0.2731602191925049,8.20159912109375e-05,0.19507884979248047,53,151,13860
663,64,9,5,4,2,2,0.2375786304473877,0.00012087821960449219,0.010536432266235352,40,76,492
664,65,9,5,4,2,2,0.30115246772766113,7.176399230957031e-05,0.07245182991027832,52,130,3960
665,66,9,5,4,2,2,0.25701189041137695,9.059906005859375e-05,0.024255752563476562,46,95,1104
666,67,9,5,4,2,2,0.26489830017089844,7.510185241699219e-05,0.021787405014038086,45,91,810
667,68,9,5,4,2,2,0.24840521812438965,7.224082946777344e-05,0.03698444366455078,52,112,2016
668,69,9,5,4,2,2,0.2636082172393799,8.845329284667969e-05,0.08843660354614258,50,118,5400
669,70,9,5,4,2,2,0.25136303901672363,0.00011777877807617188,0.04678153991699219,49,129,1960
670,71,9,5,4,2,2,0.3156406879425049,7.891654968261719e-05,0.2885432243347168,58,154,14973
671,72,9,5,4,2,2,0.29195332527160645,8.082389831542969e-05,0.09273767471313477,60,132,5712
672,73,9,5,4,2,2,0.27271127700805664,9.751319885253906e-05,0.3987405300140381,57,176,13392
673,74,9,5,4,2,2,0.2780723571777344,7.700920104980469e-05,0.02808856964111328,46,100,1428
674,75,9,5,4,2,2,0.26691460609436035,7.677078247070312e-05,0.33539462089538574,53,157,16578
675,76,9,5,4,2,2,0.26920270919799805,8.20159912109375e-05,0.01671457290649414,48,104,540
676,77,9,5,4,2,2,0.2776963710784912,7.534027099609375e-05,0.18766546249389648,52,122,7560
677,78,9,5,4,2,2,0.24904251098632812,7.724761962890625e-05,0.07913494110107422,53,106,6840
678,79,9,5,4,2,2,0.27378296852111816,7.796287536621094e-05,0.14459538459777832,55,151,8256
679,80,9,5,4,2,2,0.21314311027526855,7.414817810058594e-05,0.01421356201171875,42,96,585
680,81,9,5,4,2,2,0.22808074951171875,8.893013000488281e-05,0.0048999786376953125,41,69,132
681,82,9,5,4,2,2,0.31312084197998047,7.224082946777344e-05,0.17714476585388184,56,131,9352
682,83,9,5,4,2,2,0.25585222244262695,8.368492126464844e-05,0.1483464241027832,51,132,6804
683,84,9,5,4,2,2,0.24666476249694824,7.843971252441406e-05,0.009764909744262695,48,96,648
684,85,9,5,4,2,2,0.2856175899505615,8.296966552734375e-05,0.0638742446899414,53,137,3160
685,86,9,5,4,2,2,0.27890491485595703,7.104873657226562e-05,0.011040210723876953,44,77,648
686,87,9,5,4,2,2,0.2371070384979248,7.748603820800781e-05,0.019317150115966797,45,103,1056
687,88,9,5,4,2,2,0.2615542411804199,7.390975952148438e-05,0.033875226974487305,50,105,1625
688,89,9,5,4,2,2,0.2537882328033447,7.987022399902344e-05,0.013685226440429688,43,89,582
689,90,9,5,4,2,2,0.25425100326538086,7.796287536621094e-05,0.014549493789672852,44,91,676
690,91,9,5,4,2,2,0.24977874755859375,7.557868957519531e-05,0.07018327713012695,48,109,5670
691,92,9,5,4,2,2,0.28392457962036133,8.344650268554688e-05,0.11925411224365234,55,143,9198
692,93,9,5,4,2,2,0.2505960464477539,8.20159912109375e-05,0.03740549087524414,46,106,2040
693,94,9,5,4,2,2,0.2966346740722656,7.939338684082031e-05,0.29357337951660156,56,164,14400
694,95,9,5,4,2,2,0.26846790313720703,7.939338684082031e-05,0.017563819885253906,54,124,1148
695,96,9,5,4,2,2,0.24653363227844238,7.581710815429688e-05,0.0434112548828125,47,113,2112
696,97,9,5,4,2,2,0.24025607109069824,7.963180541992188e-05,0.03957200050354004,46,102,2940
697,98,9,5,4,2,2,0.2822909355163574,7.653236389160156e-05,0.22927045822143555,56,153,12200
698,99,9,5,4,2,2,0.2554757595062256,0.00012350082397460938,0.0854804515838623,51,101,7385
699,100,9,5,4,2,2,0.27231907844543457,7.62939453125e-05,0.08436107635498047,51,109,4815
