i_sample,n_local_networks,n_var_network,v_topology,n_output_variables,n_clauses_function,n_edges,n_local_attractors,n_pair_attractors,n_attractor_fields,n_time_find_attractors,n_time_find_pairs,n_time_find_fields
1,7,5,2,2,2,7,21,16,1,0.7197597026824951,0.00024390220642089844,0.00020360946655273438
1,7,5,2,2,2,8,23,28,9,0.8582205772399902,0.0005271434783935547,0.0023589134216308594
1,7,5,2,2,2,9,25,37,9,0.8235394954681396,0.0002903938293457031,0.0021674633026123047
1,7,5,2,2,2,10,27,44,9,0.8094680309295654,0.000324249267578125,0.004004240036010742
1,8,5,2,2,2,8,24,22,1,0.6216602325439453,0.00026917457580566406,0.0006947517395019531
1,8,5,2,2,2,9,26,30,1,0.647385835647583,0.00030922889709472656,0.0008549690246582031
1,8,5,2,2,2,10,28,49,1,0.6886508464813232,0.0003294944763183594,0.002005338668823242
1,8,5,2,2,2,11,30,65,1,0.9928133487701416,0.00042891502380371094,0.004161357879638672
1,8,5,2,2,2,12,32,78,1,1.175072431564331,0.0005321502685546875,0.010012626647949219
2,7,5,2,2,2,7,15,8,0,0.8781185150146484,0.00025582313537597656,0.00013566017150878906
2,7,5,2,2,2,8,16,10,1,0.9135687351226807,0.00038552284240722656,0.00016021728515625
2,7,5,2,2,2,9,18,13,1,0.9069492816925049,0.0003037452697753906,0.0001761913299560547
2,7,5,2,2,2,10,20,16,1,1.343287467956543,0.0006301403045654297,0.0003287792205810547
2,8,5,2,2,2,8,17,5,0,0.7927887439727783,0.00025391578674316406,9.1552734375e-05
2,8,5,2,2,2,9,18,11,1,0.7897870540618896,0.0005202293395996094,0.00024580955505371094
2,8,5,2,2,2,10,20,14,1,1.2356548309326172,0.00035691261291503906,0.00019478797912597656
2,8,5,2,2,2,11,22,17,1,1.2546215057373047,0.00046539306640625,0.0002243518829345703
2,8,5,2,2,2,12,24,20,1,1.4044747352600098,0.0007474422454833984,0.00045943260192871094
3,7,5,2,2,2,7,15,5,0,0.6578023433685303,0.0004341602325439453,0.00016450881958007812
3,7,5,2,2,2,8,17,7,0,0.6070897579193115,0.00043654441833496094,0.00014448165893554688
3,7,5,2,2,2,9,19,9,0,0.6226038932800293,0.000335693359375,0.00010561943054199219
3,7,5,2,2,2,10,21,12,0,0.7295784950256348,0.0003597736358642578,0.00012302398681640625
3,8,5,2,2,2,8,17,6,0,0.5927145481109619,0.0002999305725097656,0.0001049041748046875
3,8,5,2,2,2,9,19,9,0,0.5973951816558838,0.0005466938018798828,0.0001709461212158203
3,8,5,2,2,2,10,21,10,0,0.8228483200073242,0.0004067420959472656,0.00013637542724609375
3,8,5,2,2,2,11,23,13,0,1.09466552734375,0.0006299018859863281,0.0002071857452392578
3,8,5,2,2,2,12,25,15,0,1.2862999439239502,0.0008435249328613281,0.00018858909606933594
4,7,5,2,2,2,7,32,70,192,1.235987663269043,0.0003521442413330078,0.009826421737670898
4,7,5,2,2,2,8,36,88,192,0.8933415412902832,0.00033354759216308594,0.022189617156982422
4,7,5,2,2,2,9,40,122,192,1.0590410232543945,0.00035858154296875,0.05534529685974121
4,7,5,2,2,2,10,40,128,128,1.0639028549194336,0.0007469654083251953,0.11980843544006348
4,8,5,2,2,2,8,36,60,384,0.8517792224884033,0.00040030479431152344,0.016573429107666016
4,8,5,2,2,2,9,36,66,256,0.9997043609619141,0.0003402233123779297,0.023026704788208008
4,8,5,2,2,2,10,40,84,256,1.2671818733215332,0.00037670135498046875,0.06503963470458984
4,8,5,2,2,2,11,44,118,256,1.0596001148223877,0.0008747577667236328,0.2038862705230713
4,8,5,2,2,2,12,48,152,256,1.4781036376953125,0.0006642341613769531,0.5218853950500488
5,7,5,2,2,2,7,24,44,128,0.7317967414855957,0.0005345344543457031,0.012652158737182617
5,7,5,2,2,2,8,28,64,128,0.7913496494293213,0.0005576610565185547,0.034140825271606445
5,7,5,2,2,2,9,32,100,128,1.2017474174499512,0.0003609657287597656,0.0965278148651123
5,7,5,2,2,2,10,36,160,128,1.3150053024291992,0.0006847381591796875,0.1547679901123047
5,8,5,2,2,2,8,27,48,256,0.9255023002624512,0.00041222572326660156,0.008554220199584961
5,8,5,2,2,2,9,28,52,256,0.8241429328918457,0.0005435943603515625,0.013376235961914062
5,8,5,2,2,2,10,32,72,256,0.8895645141601562,0.0007021427154541016,0.023035287857055664
5,8,5,2,2,2,11,36,100,256,2.328442096710205,0.0007009506225585938,0.0620121955871582
5,8,5,2,2,2,12,40,120,256,1.0349664688110352,0.00044274330139160156,0.10077905654907227
6,7,5,2,2,2,7,26,44,48,0.6159393787384033,0.00040435791015625,0.011580467224121094
6,7,5,2,2,2,8,30,74,24,0.8260025978088379,0.0006020069122314453,0.022902727127075195
6,7,5,2,2,2,9,34,94,24,0.8609743118286133,0.00038313865661621094,0.036794424057006836
6,7,5,2,2,2,10,38,122,24,1.0824782848358154,0.0006783008575439453,0.11415529251098633
6,8,5,2,2,2,8,29,48,48,0.9356715679168701,0.00043010711669921875,0.009011983871459961
6,8,5,2,2,2,9,33,64,24,1.3488757610321045,0.0006051063537597656,0.03676295280456543
6,8,5,2,2,2,10,37,94,12,1.3901214599609375,0.0006039142608642578,0.06741571426391602
6,8,5,2,2,2,11,36,88,4,0.9719429016113281,0.0003962516784667969,0.025771617889404297
6,8,5,2,2,2,12,40,112,4,0.8936243057250977,0.00045180320739746094,0.048897504806518555
7,7,5,2,2,2,7,33,45,27,0.6555976867675781,0.0002586841583251953,0.005556344985961914
7,7,5,2,2,2,8,39,81,27,0.76039719581604,0.00032138824462890625,0.014892578125
7,7,5,2,2,2,9,45,111,9,0.8521811962127686,0.00034618377685546875,0.030973196029663086
7,7,5,2,2,2,10,46,126,3,1.0410034656524658,0.0003662109375,0.059400081634521484
7,8,5,2,2,2,8,37,51,81,0.745856523513794,0.0002987384796142578,0.029808759689331055
7,8,5,2,2,2,9,43,66,27,0.8703272342681885,0.00032639503479003906,0.06089186668395996
7,8,5,2,2,2,10,49,114,9,0.9448962211608887,0.00036644935607910156,0.14341139793395996
7,8,5,2,2,2,11,55,141,9,1.2984721660614014,0.00041365623474121094,0.28026652336120605
7,8,5,2,2,2,12,56,174,3,1.7680895328521729,0.0005300045013427734,0.6443719863891602
8,7,5,2,2,2,7,30,60,128,0.7707703113555908,0.0002665519714355469,0.0047037601470947266
8,7,5,2,2,2,8,34,88,128,0.6964211463928223,0.00033020973205566406,0.04144716262817383
8,7,5,2,2,2,9,38,132,128,0.9430906772613525,0.00037980079650878906,0.10711836814880371
8,7,5,2,2,2,10,40,160,128,1.3529298305511475,0.00044846534729003906,0.12961268424987793
8,8,5,2,2,2,8,34,64,256,0.733414888381958,0.00032067298889160156,0.08625411987304688
8,8,5,2,2,2,9,38,100,256,0.8725736141204834,0.0005590915679931641,0.08691143989562988
8,8,5,2,2,2,10,42,128,256,0.9925568103790283,0.0004172325134277344,0.1471407413482666
8,8,5,2,2,2,11,46,168,256,0.9362733364105225,0.0004391670227050781,0.41179585456848145
8,8,5,2,2,2,12,50,220,256,1.0066466331481934,0.0004901885986328125,1.2918529510498047
9,7,5,2,2,2,7,15,7,0,0.7465546131134033,0.00023126602172851562,0.0001277923583984375
9,7,5,2,2,2,8,17,10,0,0.7036535739898682,0.00026535987854003906,0.00013375282287597656
9,7,5,2,2,2,9,19,13,0,1.040316104888916,0.0005507469177246094,0.00027823448181152344
9,7,5,2,2,2,10,20,16,1,1.0091946125030518,0.0003504753112792969,0.00022172927856445312
9,8,5,2,2,2,8,17,8,0,0.7309584617614746,0.0005166530609130859,0.00020194053649902344
9,8,5,2,2,2,9,19,10,0,1.020972490310669,0.00040984153747558594,0.0001773834228515625
9,8,5,2,2,2,10,21,13,0,1.1246380805969238,0.0005373954772949219,0.00020432472229003906
9,8,5,2,2,2,11,23,16,0,1.196831464767456,0.0003833770751953125,0.00017547607421875
9,8,5,2,2,2,12,25,18,0,1.295344591140747,0.0004253387451171875,0.00018787384033203125
10,7,5,2,2,2,7,16,14,2,0.5378172397613525,0.0003521442413330078,0.0002872943878173828
10,7,5,2,2,2,8,18,20,2,0.6688253879547119,0.000385284423828125,0.0005838871002197266
10,7,5,2,2,2,9,18,17,1,0.6123285293579102,0.0003151893615722656,0.0003495216369628906
10,7,5,2,2,2,10,20,28,1,0.7398755550384521,0.0003528594970703125,0.0005404949188232422
10,8,5,2,2,2,8,18,14,2,0.6665174961090088,0.00035262107849121094,0.0001990795135498047
10,8,5,2,2,2,9,20,17,2,0.6883575916290283,0.0003170967102050781,0.0003070831298828125
10,8,5,2,2,2,10,22,27,2,0.6852881908416748,0.0005841255187988281,0.0010483264923095703
10,8,5,2,2,2,11,24,36,2,0.7514796257019043,0.00042748451232910156,0.0015130043029785156
10,8,5,2,2,2,12,26,52,2,0.7637207508087158,0.0004315376281738281,0.002563953399658203
11,7,5,2,2,2,7,54,205,12084,0.828794002532959,0.0002758502960205078,3.840308666229248
11,7,5,2,2,2,8,62,337,12436,1.0217463970184326,0.0003991127014160156,32.43507409095764
11,7,5,2,2,2,9,70,561,12948,1.5493803024291992,0.0005173683166503906,22.063828468322754
11,7,5,2,2,2,10,73,674,12273,1.6296031475067139,0.000537872314453125,87.85360980033875
11,8,5,2,2,2,8,61,238,45363,1.279078483581543,0.0004467964172363281,20.645641565322876
11,8,5,2,2,2,9,69,320,47745,1.5315704345703125,0.0006806850433349609,58.25983023643494
11,8,5,2,2,2,10,72,402,44929,1.601621150970459,0.0006203651428222656,127.11125445365906
11,8,5,2,2,2,11,80,546,46249,1.8164641857147217,0.00047469139099121094,314.3886775970459
11,8,5,2,2,2,12,88,812,48361,1.9907281398773193,0.0007956027984619141,1039.9570565223694
12,7,5,2,2,2,7,24,44,128,0.8058774471282959,0.00024318695068359375,0.0044133663177490234
12,7,5,2,2,2,8,28,91,128,0.9049975872039795,0.00031828880310058594,0.02037668228149414
12,7,5,2,2,2,9,32,116,128,1.0364465713500977,0.0003459453582763672,0.034566402435302734
12,7,5,2,2,2,10,36,157,128,1.0677411556243896,0.0006351470947265625,0.05780625343322754
12,8,5,2,2,2,8,27,49,256,0.9213111400604248,0.0002720355987548828,0.006345272064208984
12,8,5,2,2,2,9,31,82,256,1.0153343677520752,0.00046253204345703125,0.029926538467407227
12,8,5,2,2,2,10,35,96,256,1.1132054328918457,0.0004324913024902344,0.05250072479248047
12,8,5,2,2,2,11,36,115,257,1.1666288375854492,0.0004570484161376953,0.08242177963256836
12,8,5,2,2,2,12,40,180,257,1.221951961517334,0.0007255077362060547,0.3574790954589844
13,7,5,2,2,2,7,15,9,1,0.8674924373626709,0.00036978721618652344,0.00022935867309570312
13,7,5,2,2,2,8,16,10,1,0.9563627243041992,0.0003361701965332031,0.0001876354217529297
13,7,5,2,2,2,9,18,13,1,1.0791401863098145,0.0004475116729736328,0.0003154277801513672
13,7,5,2,2,2,10,20,18,1,1.1877493858337402,0.0004184246063232422,0.000652313232421875
13,8,5,2,2,2,8,16,8,1,1.0592010021209717,0.00028896331787109375,0.0001385211944580078
13,8,5,2,2,2,9,18,17,1,0.8150825500488281,0.0003223419189453125,0.0002598762512207031
13,8,5,2,2,2,10,20,30,1,1.1984806060791016,0.0005140304565429688,0.0007843971252441406
13,8,5,2,2,2,11,22,39,1,1.3021447658538818,0.00037288665771484375,0.0011529922485351562
13,8,5,2,2,2,12,24,44,1,1.5092248916625977,0.00042724609375,0.0020220279693603516
14,7,5,2,2,2,7,24,58,128,0.9681298732757568,0.00031113624572753906,0.009377241134643555
14,7,5,2,2,2,8,28,76,128,1.1702499389648438,0.0002942085266113281,0.027622699737548828
14,7,5,2,2,2,9,32,150,128,1.3110849857330322,0.0005145072937011719,0.11405062675476074
14,7,5,2,2,2,10,33,168,128,1.2280917167663574,0.0003941059112548828,0.14155888557434082
14,8,5,2,2,2,8,27,52,256,1.0990917682647705,0.0003132820129394531,0.04690694808959961
14,8,5,2,2,2,9,28,66,256,1.1429333686828613,0.0004832744598388672,0.09812116622924805
14,8,5,2,2,2,10,32,100,256,1.167443037033081,0.0003604888916015625,0.2653231620788574
14,8,5,2,2,2,11,36,150,256,1.400383710861206,0.0004029273986816406,0.724942684173584
14,8,5,2,2,2,12,40,192,256,1.670614242553711,0.0004668235778808594,1.6219453811645508
15,7,5,2,2,2,7,15,16,1,0.6395268440246582,0.00033402442932128906,0.00031447410583496094
15,7,5,2,2,2,8,17,26,1,0.7595674991607666,0.0003440380096435547,0.0005400180816650391
15,7,5,2,2,2,9,19,31,1,0.806269645690918,0.0003859996795654297,0.0006260871887207031
15,7,5,2,2,2,10,20,38,2,0.8840305805206299,0.0004546642303466797,0.0008797645568847656
15,8,5,2,2,2,8,17,19,1,0.7732799053192139,0.0003657341003417969,0.0002846717834472656
15,8,5,2,2,2,9,19,29,1,0.7725081443786621,0.0003216266632080078,0.0003788471221923828
15,8,5,2,2,2,10,21,33,1,0.9413387775421143,0.00035190582275390625,0.0005884170532226562
15,8,5,2,2,2,11,23,50,1,1.0971448421478271,0.0006563663482666016,0.002246856689453125
15,8,5,2,2,2,12,24,60,2,1.1337642669677734,0.0004024505615234375,0.0023806095123291016
16,7,5,2,2,2,7,15,11,1,0.692572832107544,0.000400543212890625,0.00024247169494628906
16,7,5,2,2,2,8,17,14,1,0.8993692398071289,0.00033736228942871094,0.0002117156982421875
16,7,5,2,2,2,9,19,21,1,0.9781029224395752,0.0005452632904052734,0.0004794597625732422
16,7,5,2,2,2,10,21,26,1,1.1243314743041992,0.0003566741943359375,0.0004889965057373047
16,8,5,2,2,2,8,17,12,1,0.7863366603851318,0.0003707408905029297,0.0002162456512451172
16,8,5,2,2,2,9,18,13,1,0.8316757678985596,0.0003883838653564453,0.00022292137145996094
16,8,5,2,2,2,10,20,20,1,0.9481420516967773,0.0003540515899658203,0.0003020763397216797
16,8,5,2,2,2,11,22,31,1,1.1738224029541016,0.0004210472106933594,0.0006525516510009766
16,8,5,2,2,2,12,24,36,1,1.3121702671051025,0.00047850608825683594,0.001150369644165039
17,7,5,2,2,2,7,51,185,2187,1.2340412139892578,0.00029850006103515625,1.0051908493041992
17,7,5,2,2,2,8,55,262,4651,1.1489121913909912,0.0003173351287841797,2.4002537727355957
17,7,5,2,2,2,9,61,345,4523,1.3008506298065186,0.0006077289581298828,11.337677001953125
17,7,5,2,2,2,10,67,482,2699,1.3490321636199951,0.0004315376281738281,22.773494482040405
17,8,5,2,2,2,8,58,186,6561,1.5036218166351318,0.00041937828063964844,1.8944926261901855
17,8,5,2,2,2,9,64,293,6561,1.4382071495056152,0.0004189014434814453,5.865407466888428
17,8,5,2,2,2,10,70,448,6561,1.6472554206848145,0.0006213188171386719,14.158982038497925
17,8,5,2,2,2,11,76,549,6561,1.7915215492248535,0.0006237030029296875,30.42193031311035
17,8,5,2,2,2,12,82,686,6561,1.9609200954437256,0.0005877017974853516,67.48531341552734
18,7,5,2,2,2,7,42,128,5184,1.4087491035461426,0.00037288665771484375,0.34494638442993164
18,7,5,2,2,2,8,50,172,3888,1.729853630065918,0.0003075599670410156,1.130528450012207
18,7,5,2,2,2,9,58,268,3888,2.0135250091552734,0.0004906654357910156,3.2597577571868896
18,7,5,2,2,2,10,66,412,3888,2.258460521697998,0.00043082237243652344,12.093967199325562
18,8,5,2,2,2,8,47,148,15552,1.6004033088684082,0.0003209114074707031,0.9376399517059326
18,8,5,2,2,2,9,55,216,15552,1.769831895828247,0.00034117698669433594,3.0614559650421143
18,8,5,2,2,2,10,63,288,15552,2.1854565143585205,0.0004162788391113281,13.27886962890625
18,8,5,2,2,2,11,71,336,15552,2.3101799488067627,0.0004334449768066406,24.56441617012024
18,8,5,2,2,2,12,79,452,15552,2.7178330421447754,0.0005805492401123047,47.464861154556274
19,7,5,2,2,2,7,21,22,0,0.7904386520385742,0.0002560615539550781,0.0004782676696777344
19,7,5,2,2,2,8,23,28,3,0.7832281589508057,0.0002644062042236328,0.000614166259765625
19,7,5,2,2,2,9,25,35,3,0.8759050369262695,0.0004363059997558594,0.0009379386901855469
19,7,5,2,2,2,10,27,42,3,0.9778423309326172,0.0003886222839355469,0.0011861324310302734
19,8,5,2,2,2,8,24,17,0,0.8281056880950928,0.0002849102020263672,0.00035858154296875
19,8,5,2,2,2,9,26,31,18,0.895869255065918,0.0003192424774169922,0.0013141632080078125
19,8,5,2,2,2,10,28,38,15,0.958259105682373,0.0003190040588378906,0.002435445785522461
19,8,5,2,2,2,11,30,45,3,1.057007074356079,0.00037932395935058594,0.002888202667236328
19,8,5,2,2,2,12,32,52,2,1.1406352519989014,0.0004723072052001953,0.0034384727478027344
20,7,5,2,2,2,7,15,9,1,0.8631100654602051,0.0002391338348388672,0.0001373291015625
20,7,5,2,2,2,8,17,20,1,0.9991710186004639,0.00029850006103515625,0.00025200843811035156
20,7,5,2,2,2,9,19,27,1,1.1846685409545898,0.0003390312194824219,0.0004019737243652344
20,7,5,2,2,2,10,20,30,1,1.207273006439209,0.00048422813415527344,0.0005559921264648438
20,8,5,2,2,2,8,17,10,1,1.1422364711761475,0.0002944469451904297,0.00017952919006347656
20,8,5,2,2,2,9,18,11,1,1.0346667766571045,0.00036406517028808594,0.00020384788513183594
20,8,5,2,2,2,10,20,16,1,1.1612954139709473,0.0003800392150878906,0.00031280517578125
20,8,5,2,2,2,11,22,23,1,1.1705148220062256,0.0004134178161621094,0.0004994869232177734
20,8,5,2,2,2,12,24,32,1,1.4981579780578613,0.0004286766052246094,0.0008187294006347656
21,7,5,2,2,2,7,35,56,1024,0.8460211753845215,0.0003840923309326172,0.027512311935424805
21,7,5,2,2,2,8,43,80,512,1.0229878425598145,0.0005252361297607422,0.08062458038330078
21,7,5,2,2,2,9,51,120,256,1.2515876293182373,0.0005726814270019531,0.19089245796203613
21,7,5,2,2,2,10,59,176,256,1.4930469989776611,0.0003998279571533203,0.3901855945587158
21,8,5,2,2,2,8,47,96,1024,1.0928683280944824,0.00040268898010253906,0.15166544914245605
21,8,5,2,2,2,9,55,120,1024,1.2822942733764648,0.0005276203155517578,1.1406400203704834
21,8,5,2,2,2,10,63,176,1024,1.472273349761963,0.00041031837463378906,2.551236867904663
21,8,5,2,2,2,11,71,264,1024,1.7787566184997559,0.0004363059997558594,7.696758270263672
21,8,5,2,2,2,12,72,272,1024,1.547131061553955,0.0004467964172363281,7.704478979110718
22,7,5,2,2,2,7,15,17,1,0.7124533653259277,0.0003414154052734375,0.00030159950256347656
22,7,5,2,2,2,8,16,22,1,0.6820056438446045,0.0003643035888671875,0.0003948211669921875
22,7,5,2,2,2,9,18,32,1,0.7236194610595703,0.0003800392150878906,0.0007495880126953125
22,7,5,2,2,2,10,20,42,1,0.7076499462127686,0.00034999847412109375,0.0010724067687988281
22,8,5,2,2,2,8,17,22,1,0.5442326068878174,0.0002903938293457031,0.000316619873046875
22,8,5,2,2,2,9,19,30,1,0.6504373550415039,0.00031685829162597656,0.0004699230194091797
22,8,5,2,2,2,10,21,38,1,0.941159725189209,0.0004210472106933594,0.000990152359008789
22,8,5,2,2,2,11,22,44,1,0.9347035884857178,0.0005006790161132812,0.0013358592987060547
22,8,5,2,2,2,12,24,56,1,0.9775242805480957,0.00042557716369628906,0.0016281604766845703
23,7,5,2,2,2,7,15,11,1,0.5877072811126709,0.00025725364685058594,0.00017261505126953125
23,7,5,2,2,2,8,17,16,1,0.9296796321868896,0.00031185150146484375,0.00021076202392578125
23,7,5,2,2,2,9,18,17,1,0.9681994915008545,0.00031447410583496094,0.00020003318786621094
23,7,5,2,2,2,10,20,24,1,1.1476926803588867,0.0003349781036376953,0.00027370452880859375
23,8,5,2,2,2,8,16,8,1,0.7608721256256104,0.0004673004150390625,0.00022149085998535156
23,8,5,2,2,2,9,18,11,1,0.8837540149688721,0.00034737586975097656,0.00019049644470214844
23,8,5,2,2,2,10,20,20,1,1.0662522315979004,0.00038552284240722656,0.0003261566162109375
23,8,5,2,2,2,11,22,27,1,1.1978323459625244,0.0004413127899169922,0.0004744529724121094
23,8,5,2,2,2,12,24,34,1,1.3410086631774902,0.0006349086761474609,0.0009598731994628906
24,7,5,2,2,2,7,24,44,128,0.7919979095458984,0.0002815723419189453,0.011690139770507812
24,7,5,2,2,2,8,28,78,128,0.8541579246520996,0.0003609657287597656,0.02330636978149414
24,7,5,2,2,2,9,32,110,128,0.9809260368347168,0.0004222393035888672,0.06154274940490723
24,7,5,2,2,2,10,36,126,128,1.2012956142425537,0.0007550716400146484,0.1627206802368164
24,8,5,2,2,2,8,27,72,256,0.8803975582122803,0.0003826618194580078,0.04142189025878906
24,8,5,2,2,2,9,31,106,256,1.0606632232666016,0.0003955364227294922,0.12196850776672363
24,8,5,2,2,2,10,35,140,256,1.123425006866455,0.0005443096160888672,0.3760535717010498
24,8,5,2,2,2,11,39,214,256,1.260157585144043,0.0005626678466796875,0.8299281597137451
24,8,5,2,2,2,12,43,268,256,1.3173768520355225,0.0007379055023193359,1.7565357685089111
25,7,5,2,2,2,7,21,23,1,0.7687761783599854,0.0002694129943847656,0.00047135353088378906
25,7,5,2,2,2,8,23,30,1,0.8644814491271973,0.00041747093200683594,0.0007271766662597656
25,7,5,2,2,2,9,25,43,1,0.951906681060791,0.00041413307189941406,0.0010242462158203125
25,7,5,2,2,2,10,27,62,1,0.9169492721557617,0.0003731250762939453,0.0013108253479003906
25,8,5,2,2,2,8,24,20,1,0.8211245536804199,0.00028967857360839844,0.0004215240478515625
25,8,5,2,2,2,9,26,29,1,0.9460258483886719,0.0004968643188476562,0.0007777214050292969
25,8,5,2,2,2,10,28,44,1,1.0632083415985107,0.0004208087921142578,0.0009469985961914062
25,8,5,2,2,2,11,30,61,1,1.142502784729004,0.0006330013275146484,0.0027801990509033203
25,8,5,2,2,2,12,32,76,1,1.2250537872314453,0.0005621910095214844,0.0048787593841552734
26,7,5,2,2,2,7,45,153,2187,0.9878058433532715,0.0003409385681152344,0.15665626525878906
26,7,5,2,2,2,8,51,270,2187,1.2257866859436035,0.0004570484161376953,0.4528980255126953
26,7,5,2,2,2,9,57,360,2187,1.3340961933135986,0.00038123130798339844,0.8656911849975586
26,7,5,2,2,2,10,63,468,2187,1.4841935634613037,0.0005235671997070312,4.070223331451416
26,8,5,2,2,2,8,51,135,6561,1.115227460861206,0.0005228519439697266,1.1124238967895508
26,8,5,2,2,2,9,57,189,6561,0.9841349124908447,0.0003495216369628906,5.7607972621917725
26,8,5,2,2,2,10,63,270,6561,1.4561500549316406,0.00038313865661621094,8.916043996810913
26,8,5,2,2,2,11,69,360,6561,1.6049046516418457,0.0005185604095458984,23.53428316116333
26,8,5,2,2,2,12,75,513,6561,1.7651150226593018,0.0005469322204589844,36.11275768280029
27,7,5,2,2,2,7,45,135,2187,1.31607985496521,0.00025391578674316406,0.07898545265197754
27,7,5,2,2,2,8,51,225,2187,1.5876972675323486,0.0004432201385498047,0.780092716217041
27,7,5,2,2,2,9,57,306,2187,1.6743600368499756,0.0003609657287597656,2.5954761505126953
27,7,5,2,2,2,10,60,378,2187,1.8314967155456543,0.0003561973571777344,5.789097547531128
27,8,5,2,2,2,8,51,162,6561,1.4463074207305908,0.00030231475830078125,0.5940372943878174
27,8,5,2,2,2,9,57,207,6561,1.5814485549926758,0.000354766845703125,2.5119197368621826
27,8,5,2,2,2,10,63,297,6561,1.8966400623321533,0.0003581047058105469,7.191089630126953
27,8,5,2,2,2,11,66,360,6561,1.9267804622650146,0.0005807876586914062,15.952275037765503
27,8,5,2,2,2,12,72,504,6561,2.1188223361968994,0.0006084442138671875,45.80875301361084
28,7,5,2,2,2,7,57,240,40000,1.351635217666626,0.0005028247833251953,11.850852012634277
28,7,5,2,2,2,8,67,330,40000,1.512096643447876,0.0006639957427978516,36.94699430465698
28,7,5,2,2,2,9,77,400,40000,1.7576117515563965,0.0004374980926513672,83.94333910942078
28,7,5,2,2,2,10,87,600,40000,1.979825496673584,0.0008077621459960938,202.9403030872345
28,8,5,2,2,2,8,64,240,160000,1.4699969291687012,0.00038909912109375,5.198638439178467
28,8,5,2,2,2,9,74,320,160000,1.7067594528198242,0.00043845176696777344,20.483668088912964
28,8,5,2,2,2,10,84,520,128000,1.9368252754211426,0.0005185604095458984,68.25717782974243
28,8,5,2,2,2,11,86,670,128000,2.018146514892578,0.0005450248718261719,115.8309736251831
28,8,5,2,2,2,12,96,1120,102400,2.2064993381500244,0.0006544589996337891,345.47935724258423
29,7,5,2,2,2,7,30,56,128,0.8694033622741699,0.0004458427429199219,0.008469104766845703
29,7,5,2,2,2,8,34,80,128,0.9934506416320801,0.00034880638122558594,0.019539594650268555
29,7,5,2,2,2,9,38,132,128,1.1323254108428955,0.0003616809844970703,0.046195268630981445
29,7,5,2,2,2,10,42,184,128,1.266643762588501,0.00042247772216796875,0.11912012100219727
29,8,5,2,2,2,8,34,76,256,1.0076210498809814,0.0003731250762939453,0.05236387252807617
29,8,5,2,2,2,9,38,92,256,1.1258463859558105,0.00036144256591796875,0.09381461143493652
29,8,5,2,2,2,10,42,116,256,1.2506353855133057,0.0006172657012939453,0.190871000289917
29,8,5,2,2,2,11,46,192,256,1.3803656101226807,0.0004520416259765625,0.5938613414764404
29,8,5,2,2,2,12,50,248,256,1.4995005130767822,0.0006501674652099609,1.4254074096679688
30,7,5,2,2,2,7,28,84,2187,0.8290383815765381,0.0002760887145996094,0.18979167938232422
30,7,5,2,2,2,8,34,120,2187,0.8739418983459473,0.00032830238342285156,0.7674190998077393
30,7,5,2,2,2,9,40,156,2187,1.2544419765472412,0.0003654956817626953,1.9414966106414795
30,7,5,2,2,2,10,46,264,2187,1.5538599491119385,0.00042510032653808594,4.963430643081665
30,8,5,2,2,2,8,37,111,6561,1.2720451354980469,0.0004448890686035156,0.43843746185302734
30,8,5,2,2,2,9,43,183,6561,1.3391187191009521,0.0003654956817626953,1.5915727615356445
30,8,5,2,2,2,10,49,219,6561,1.6680309772491455,0.0003998279571533203,3.124274492263794
30,8,5,2,2,2,11,55,342,6561,1.9020965099334717,0.0004417896270751953,8.957449913024902
30,8,5,2,2,2,12,61,396,6561,2.0785884857177734,0.000637054443359375,14.10264539718628
31,7,5,2,2,2,7,39,126,1344,1.2107398509979248,0.0002970695495605469,0.045892953872680664
31,7,5,2,2,2,8,45,164,1408,1.4488649368286133,0.0003170967102050781,0.2639193534851074
31,7,5,2,2,2,9,51,276,1504,1.6832191944122314,0.0003676414489746094,1.9238195419311523
31,7,5,2,2,2,10,57,382,1600,2.023007392883301,0.0006387233734130859,4.889339923858643
31,8,5,2,2,2,8,44,130,3696,1.3793103694915771,0.00042700767517089844,0.5371358394622803
31,8,5,2,2,2,9,50,208,3888,1.6476895809173584,0.0003223419189453125,2.918463706970215
31,8,5,2,2,2,10,56,280,4176,1.7531673908233643,0.0005269050598144531,7.170457124710083
31,8,5,2,2,2,11,58,312,4176,1.910480260848999,0.00040912628173828125,14.176924467086792
31,8,5,2,2,2,12,64,440,4176,2.118652582168579,0.0005955696105957031,43.759010553359985
32,7,5,2,2,2,7,21,22,1,0.7055015563964844,0.0003285408020019531,0.0004329681396484375
32,7,5,2,2,2,8,23,30,1,0.8051261901855469,0.0003864765167236328,0.0005154609680175781
32,7,5,2,2,2,9,25,48,1,0.8969728946685791,0.00030422210693359375,0.0008175373077392578
32,7,5,2,2,2,10,27,64,1,0.9727098941802979,0.0006418228149414062,0.0027773380279541016
32,8,5,2,2,2,8,24,29,1,0.8506145477294922,0.00034737586975097656,0.0010123252868652344
32,8,5,2,2,2,9,26,41,1,0.8449082374572754,0.00031375885009765625,0.0008575916290283203
32,8,5,2,2,2,10,28,59,1,0.8605074882507324,0.000537872314453125,0.0023784637451171875
32,8,5,2,2,2,11,30,75,1,1.0880968570709229,0.0004029273986816406,0.0017266273498535156
32,8,5,2,2,2,12,32,92,5,1.1434648036956787,0.0006206035614013672,0.011753320693969727
33,7,5,2,2,2,7,37,73,128,1.1716294288635254,0.0003390312194824219,0.015475034713745117
33,7,5,2,2,2,8,41,114,128,1.3333394527435303,0.00028896331787109375,0.05587053298950195
33,7,5,2,2,2,9,43,137,137,1.267928123474121,0.00032782554626464844,0.09737563133239746
33,7,5,2,2,2,10,47,162,137,1.441138744354248,0.0004532337188720703,0.16498160362243652
33,8,5,2,2,2,8,42,81,256,1.3305182456970215,0.0002856254577636719,0.0222320556640625
33,8,5,2,2,2,9,46,122,256,1.494744062423706,0.00031876564025878906,0.09016823768615723
33,8,5,2,2,2,10,50,159,256,1.6100215911865234,0.00039124488830566406,0.19249558448791504
33,8,5,2,2,2,11,54,216,256,1.6145591735839844,0.0004143714904785156,0.5624065399169922
33,8,5,2,2,2,12,58,265,256,1.8831923007965088,0.0005555152893066406,1.2407870292663574
34,7,5,2,2,2,7,39,94,200,1.1787316799163818,0.00025653839111328125,0.038878679275512695
34,7,5,2,2,2,8,45,154,200,1.329913854598999,0.0003018379211425781,0.15782856941223145
34,7,5,2,2,2,9,47,180,200,1.3771600723266602,0.0003407001495361328,0.31142163276672363
34,7,5,2,2,2,10,53,226,220,1.611567497253418,0.0003826618194580078,0.6945583820343018
34,8,5,2,2,2,8,44,94,650,1.3505847454071045,0.00035572052001953125,0.021007537841796875
34,8,5,2,2,2,9,50,140,728,1.5242366790771484,0.00043511390686035156,0.07822632789611816
34,8,5,2,2,2,10,56,190,560,1.6393237113952637,0.0003542900085449219,0.18778300285339355
34,8,5,2,2,2,11,62,240,440,1.8724243640899658,0.00040650367736816406,0.5346624851226807
34,8,5,2,2,2,12,68,318,440,2.1583211421966553,0.0004782676696777344,0.9376940727233887
35,7,5,2,2,2,7,15,15,1,0.8294446468353271,0.0002536773681640625,0.00021910667419433594
35,7,5,2,2,2,8,17,20,1,0.9906980991363525,0.00029587745666503906,0.0002503395080566406
35,7,5,2,2,2,9,19,28,1,1.2277226448059082,0.0003230571746826172,0.0004410743713378906
35,7,5,2,2,2,10,21,43,1,1.237072229385376,0.0005333423614501953,0.0015037059783935547
35,8,5,2,2,2,8,17,20,1,0.9347400665283203,0.0004584789276123047,0.0005409717559814453
35,8,5,2,2,2,9,19,31,1,1.0592074394226074,0.00047588348388671875,0.0007152557373046875
35,8,5,2,2,2,10,21,43,1,1.2020721435546875,0.0004947185516357422,0.0014562606811523438
35,8,5,2,2,2,11,23,55,1,1.3416287899017334,0.00041675567626953125,0.002064943313598633
35,8,5,2,2,2,12,25,67,1,1.3971855640411377,0.0006222724914550781,0.005765199661254883
36,7,5,2,2,2,7,15,5,0,0.6868069171905518,0.0003345012664794922,0.00011324882507324219
36,7,5,2,2,2,8,17,7,0,0.7950408458709717,0.0004119873046875,0.00013303756713867188
36,7,5,2,2,2,9,19,10,0,0.9534633159637451,0.0003192424774169922,9.822845458984375e-05
36,7,5,2,2,2,10,21,12,0,1.0371911525726318,0.0004928112030029297,0.0001373291015625
36,8,5,2,2,2,8,17,9,0,0.7637588977813721,0.00027751922607421875,9.322166442871094e-05
36,8,5,2,2,2,9,19,11,0,0.8597068786621094,0.0003120899200439453,9.655952453613281e-05
36,8,5,2,2,2,10,20,14,0,0.9031436443328857,0.0005092620849609375,0.00014209747314453125
36,8,5,2,2,2,11,22,17,0,1.0399117469787598,0.0004754066467285156,0.00012636184692382812
36,8,5,2,2,2,12,24,20,0,1.1865952014923096,0.0005648136138916016,0.00013947486877441406
37,7,5,2,2,2,7,24,36,128,1.0502197742462158,0.00032806396484375,0.00792694091796875
37,7,5,2,2,2,8,28,48,128,1.1774919033050537,0.00043129920959472656,0.017871856689453125
37,7,5,2,2,2,9,32,60,128,1.3414669036865234,0.0003268718719482422,0.04055976867675781
37,7,5,2,2,2,10,36,112,128,1.5324857234954834,0.0003783702850341797,0.11964297294616699
37,8,5,2,2,2,8,27,48,256,0.987227201461792,0.00029587745666503906,0.025591611862182617
37,8,5,2,2,2,9,31,68,256,1.0281651020050049,0.0004029273986816406,0.06484794616699219
37,8,5,2,2,2,10,35,80,256,1.1124496459960938,0.00037479400634765625,0.1381542682647705
37,8,5,2,2,2,11,39,116,256,1.2592101097106934,0.00042557716369628906,0.32989048957824707
37,8,5,2,2,2,12,40,128,256,1.3208949565887451,0.0004353523254394531,0.33837032318115234
38,7,5,2,2,2,7,15,11,1,0.4796469211578369,0.00026154518127441406,0.00015354156494140625
38,7,5,2,2,2,8,17,16,1,0.5258290767669678,0.00028896331787109375,0.00021195411682128906
38,7,5,2,2,2,9,19,19,1,0.5881116390228271,0.0003294944763183594,0.00031304359436035156
38,7,5,2,2,2,10,21,32,1,0.6899125576019287,0.0005652904510498047,0.001256704330444336
38,8,5,2,2,2,8,17,10,1,0.7496337890625,0.00037789344787597656,0.00021767616271972656
38,8,5,2,2,2,9,19,13,1,0.9244475364685059,0.0003097057342529297,0.00023221969604492188
38,8,5,2,2,2,10,21,16,1,0.9346976280212402,0.000461578369140625,0.0003657341003417969
38,8,5,2,2,2,11,23,27,1,1.038442850112915,0.0005326271057128906,0.000911712646484375
38,8,5,2,2,2,12,25,44,1,1.0871975421905518,0.0007255077362060547,0.0030672550201416016
39,7,5,2,2,2,7,15,9,1,0.8607757091522217,0.0002434253692626953,0.0001475811004638672
39,7,5,2,2,2,8,17,16,1,0.9414248466491699,0.0002803802490234375,0.0001685619354248047
39,7,5,2,2,2,9,18,17,1,1.0281977653503418,0.00030541419982910156,0.00018787384033203125
39,7,5,2,2,2,10,20,28,1,1.1194477081298828,0.0003399848937988281,0.0003447532653808594
39,8,5,2,2,2,8,17,12,1,0.9199411869049072,0.00028228759765625,0.000171661376953125
39,8,5,2,2,2,9,19,19,1,1.0414021015167236,0.0003631114959716797,0.00034618377685546875
39,8,5,2,2,2,10,21,22,1,1.893477439880371,0.0003440380096435547,0.0003974437713623047
39,8,5,2,2,2,11,22,23,1,1.224684238433838,0.0004372596740722656,0.0004730224609375
39,8,5,2,2,2,12,24,38,1,1.410226583480835,0.0004372596740722656,0.0010695457458496094
40,7,5,2,2,2,7,24,52,128,0.9077634811401367,0.0003504753112792969,0.014342546463012695
40,7,5,2,2,2,8,25,60,128,0.9137170314788818,0.0003619194030761719,0.01895618438720703
40,7,5,2,2,2,9,29,94,128,1.0142788887023926,0.0005211830139160156,0.05431365966796875
40,7,5,2,2,2,10,33,120,128,1.1594297885894775,0.0005834102630615234,0.11590051651000977
40,8,5,2,2,2,8,27,66,256,1.0055806636810303,0.0003533363342285156,0.014679670333862305
40,8,5,2,2,2,9,31,82,256,1.0763113498687744,0.00046324729919433594,0.033423423767089844
40,8,5,2,2,2,10,32,100,256,1.235687017440796,0.00042057037353515625,0.07199382781982422
40,8,5,2,2,2,11,36,118,256,1.3392634391784668,0.0006763935089111328,0.1632847785949707
40,8,5,2,2,2,12,40,176,256,1.4634974002838135,0.000522613525390625,0.4403223991394043
41,7,5,2,2,2,7,28,42,4,0.7879447937011719,0.00030159950256347656,0.002513885498046875
41,7,5,2,2,2,8,32,64,4,0.8966383934020996,0.0003447532653808594,0.005259275436401367
41,7,5,2,2,2,9,36,90,4,1.0348129272460938,0.00036406517028808594,0.010676383972167969
41,7,5,2,2,2,10,40,128,2,1.1349198818206787,0.00048542022705078125,0.02281951904296875
41,8,5,2,2,2,8,34,48,4,0.9695799350738525,0.0003504753112792969,0.0036773681640625
41,8,5,2,2,2,9,38,70,4,1.08552885055542,0.00041794776916503906,0.006162881851196289
41,8,5,2,2,2,10,42,96,4,1.216923713684082,0.0006511211395263672,0.0178220272064209
41,8,5,2,2,2,11,46,134,4,1.3715598583221436,0.00047469139099121094,0.030817270278930664
41,8,5,2,2,2,12,50,168,2,1.3250529766082764,0.0005300045013427734,0.03592634201049805
42,7,5,2,2,2,7,26,52,128,0.7999732494354248,0.0005009174346923828,0.005138397216796875
42,7,5,2,2,2,8,25,56,128,0.8011374473571777,0.00048279762268066406,0.008810043334960938
42,7,5,2,2,2,9,29,76,128,0.917738676071167,0.0004582405090332031,0.022469043731689453
42,7,5,2,2,2,10,33,88,128,1.0139198303222656,0.00038242340087890625,0.04107785224914551
42,8,5,2,2,2,8,24,32,256,0.8481495380401611,0.00047326087951660156,0.01537013053894043
42,8,5,2,2,2,9,28,44,256,0.897679328918457,0.0003962516784667969,0.030753374099731445
42,8,5,2,2,2,10,32,80,256,1.0115187168121338,0.0006315708160400391,0.134016752243042
42,8,5,2,2,2,11,36,116,256,1.1287922859191895,0.0006103515625,0.34285807609558105
42,8,5,2,2,2,12,40,168,256,1.307701826095581,0.0005593299865722656,1.2164466381072998
43,7,5,2,2,2,7,15,6,0,0.853813886642456,0.0002892017364501953,0.00010633468627929688
43,7,5,2,2,2,8,17,9,0,0.9744887351989746,0.00027298927307128906,0.00010800361633300781
43,7,5,2,2,2,9,19,11,0,1.1146392822265625,0.0003204345703125,0.00011157989501953125
43,7,5,2,2,2,10,20,16,0,1.0710575580596924,0.0003509521484375,0.00012731552124023438
43,8,5,2,2,2,8,17,8,0,0.9728696346282959,0.0002932548522949219,8.869171142578125e-05
43,8,5,2,2,2,9,19,11,0,1.3515748977661133,0.0005087852478027344,0.0001456737518310547
43,8,5,2,2,2,10,21,13,0,1.4278011322021484,0.0004611015319824219,0.00011968612670898438
43,8,5,2,2,2,11,23,15,0,1.3875513076782227,0.00037980079650878906,9.441375732421875e-05
43,8,5,2,2,2,12,24,20,0,1.363074541091919,0.0006101131439208984,0.00014400482177734375
44,7,5,2,2,2,7,33,81,288,0.8932380676269531,0.00034999847412109375,0.026035308837890625
44,7,5,2,2,2,8,39,132,192,1.0349986553192139,0.00036525726318359375,0.09087228775024414
44,7,5,2,2,2,9,40,153,128,1.080479383468628,0.00038909912109375,0.15696263313293457
44,7,5,2,2,2,10,46,252,128,1.261209487915039,0.0004837512969970703,0.5691344738006592
44,8,5,2,2,2,8,37,93,864,1.0347836017608643,0.0003902912139892578,0.14452767372131348
44,8,5,2,2,2,9,43,120,576,1.1633484363555908,0.0003676414489746094,0.4266324043273926
44,8,5,2,2,2,10,49,180,384,1.218900442123413,0.0006577968597412109,1.0376837253570557
44,8,5,2,2,2,11,55,255,384,1.448410987854004,0.0005872249603271484,2.1139018535614014
44,8,5,2,2,2,12,61,300,384,1.5758743286132812,0.0007305145263671875,4.273524284362793
45,7,5,2,2,2,7,24,48,128,1.1030876636505127,0.0004239082336425781,0.028066158294677734
45,7,5,2,2,2,8,28,66,128,1.1980996131896973,0.0004451274871826172,0.057694435119628906
45,7,5,2,2,2,9,32,116,128,1.2556583881378174,0.0003638267517089844,0.20972585678100586
45,7,5,2,2,2,10,33,136,128,1.3791940212249756,0.0004153251647949219,0.35512280464172363
45,8,5,2,2,2,8,27,54,256,1.0978400707244873,0.0003535747528076172,0.036971092224121094
45,8,5,2,2,2,9,31,88,256,1.3153629302978516,0.000331878662109375,0.12319731712341309
45,8,5,2,2,2,10,35,146,256,1.4520490169525146,0.00036978721618652344,0.4962782859802246
45,8,5,2,2,2,11,39,172,256,1.6124989986419678,0.0006392002105712891,1.0148077011108398
45,8,5,2,2,2,12,43,204,256,1.7947535514831543,0.0004634857177734375,1.8661620616912842
46,7,5,2,2,2,7,21,42,128,0.5943605899810791,0.00030875205993652344,0.007284879684448242
46,7,5,2,2,2,8,25,76,128,0.7283234596252441,0.0003848075866699219,0.029436826705932617
46,7,5,2,2,2,9,29,102,128,0.770514726638794,0.0003764629364013672,0.06127119064331055
46,7,5,2,2,2,10,33,136,128,0.995354175567627,0.0006549358367919922,0.17389273643493652
46,8,5,2,2,2,8,27,62,256,0.7708277702331543,0.00034499168395996094,0.020828962326049805
46,8,5,2,2,2,9,31,86,256,0.9426462650299072,0.0004246234893798828,0.07872152328491211
46,8,5,2,2,2,10,35,118,256,1.0373144149780273,0.0004968643188476562,0.24141645431518555
46,8,5,2,2,2,11,36,142,256,1.089242935180664,0.0004894733428955078,0.393390417098999
46,8,5,2,2,2,12,40,176,256,1.2496907711029053,0.0006384849548339844,0.8577446937561035
47,7,5,2,2,2,7,30,84,128,1.0307793617248535,0.0003082752227783203,0.022690296173095703
47,7,5,2,2,2,8,32,112,144,1.0625479221343994,0.0002875328063964844,0.06387019157409668
47,7,5,2,2,2,9,36,144,144,1.221008539199829,0.0003383159637451172,0.14366364479064941
47,7,5,2,2,2,10,40,200,136,1.4350883960723877,0.0004897117614746094,0.4528491497039795
47,8,5,2,2,2,8,34,104,256,1.034820795059204,0.0003178119659423828,0.05428886413574219
47,8,5,2,2,2,9,38,128,256,1.086838722229004,0.0005054473876953125,0.1383368968963623
47,8,5,2,2,2,10,42,176,256,1.4165959358215332,0.0006108283996582031,0.33733177185058594
47,8,5,2,2,2,11,46,216,256,1.676802158355713,0.0007381439208984375,0.7949328422546387
47,8,5,2,2,2,12,48,240,296,1.6082446575164795,0.0006985664367675781,1.1978750228881836
48,7,5,2,2,2,7,15,19,1,0.85373854637146,0.00029087066650390625,0.00027632713317871094
48,7,5,2,2,2,8,16,24,1,0.872157096862793,0.0003459453582763672,0.0003235340118408203
48,7,5,2,2,2,9,18,34,1,1.0068223476409912,0.0003261566162109375,0.0004863739013671875
48,7,5,2,2,2,10,20,40,1,1.1841070652008057,0.00033855438232421875,0.0005285739898681641
48,8,5,2,2,2,8,17,18,1,0.946568489074707,0.0002899169921875,0.00021767616271972656
48,8,5,2,2,2,9,19,23,1,1.0921034812927246,0.0003325939178466797,0.00026988983154296875
48,8,5,2,2,2,10,20,30,1,1.0557537078857422,0.0003719329833984375,0.00036978721618652344
48,8,5,2,2,2,11,22,44,1,1.24501371383667,0.0003845691680908203,0.00072479248046875
48,8,5,2,2,2,12,24,54,1,1.431992769241333,0.0004189014434814453,0.0012860298156738281
49,7,5,2,2,2,7,15,18,1,0.8174078464508057,0.0002989768981933594,0.00025725364685058594
49,7,5,2,2,2,8,17,25,1,0.9008491039276123,0.0002605915069580078,0.0003299713134765625
49,7,5,2,2,2,9,19,35,1,1.0454623699188232,0.0003597736358642578,0.0008437633514404297
49,7,5,2,2,2,10,21,51,1,1.2342743873596191,0.0005199909210205078,0.0026051998138427734
49,8,5,2,2,2,8,17,25,1,0.8921475410461426,0.00040650367736816406,0.00054931640625
49,8,5,2,2,2,9,19,38,1,1.0426909923553467,0.00035309791564941406,0.0009496212005615234
49,8,5,2,2,2,10,21,50,1,1.1428942680358887,0.000362396240234375,0.0019648075103759766
49,8,5,2,2,2,11,23,62,1,1.276315689086914,0.0003998279571533203,0.0033216476440429688
49,8,5,2,2,2,12,25,74,1,1.4740252494812012,0.000396728515625,0.0054225921630859375
50,7,5,2,2,2,7,26,18,8,0.9786524772644043,0.0003528594970703125,0.0005908012390136719
50,7,5,2,2,2,8,25,20,8,1.0709903240203857,0.00028896331787109375,0.00047135353088378906
50,7,5,2,2,2,9,29,38,8,0.9613418579101562,0.0003058910369873047,0.0012025833129882812
50,7,5,2,2,2,10,33,60,4,1.1926629543304443,0.0003466606140136719,0.004771709442138672
50,8,5,2,2,2,8,29,20,8,1.0706634521484375,0.0003094673156738281,0.0006706714630126953
50,8,5,2,2,2,9,33,38,8,1.1714627742767334,0.0003192424774169922,0.0015482902526855469
50,8,5,2,2,2,10,37,64,8,1.2702898979187012,0.0003733634948730469,0.0029616355895996094
50,8,5,2,2,2,11,41,74,8,1.4580273628234863,0.00039315223693847656,0.005785703659057617
50,8,5,2,2,2,12,40,80,8,1.4736723899841309,0.0004134178161621094,0.00628209114074707
51,7,5,2,2,2,7,15,17,1,0.8033568859100342,0.0002741813659667969,0.0002872943878173828
51,7,5,2,2,2,8,17,24,1,0.9082696437835693,0.0002892017364501953,0.00046133995056152344
51,7,5,2,2,2,9,19,38,1,1.0350642204284668,0.0004699230194091797,0.0015587806701660156
51,7,5,2,2,2,10,21,58,1,1.1659610271453857,0.0003600120544433594,0.002609729766845703
51,8,5,2,2,2,8,17,21,1,0.9266986846923828,0.0002899169921875,0.00030231475830078125
51,8,5,2,2,2,9,19,29,1,1.0032243728637695,0.00032329559326171875,0.0005385875701904297
51,8,5,2,2,2,10,21,41,1,1.0202841758728027,0.0003993511199951172,0.001291036605834961
51,8,5,2,2,2,11,23,56,1,1.2832748889923096,0.0004949569702148438,0.002253293991088867
51,8,5,2,2,2,12,24,64,1,1.3410866260528564,0.0005037784576416016,0.004204988479614258
52,7,5,2,2,2,7,48,128,240,1.0998547077178955,0.000255584716796875,0.08879804611206055
52,7,5,2,2,2,8,56,240,624,1.3849427700042725,0.00033211708068847656,1.1536056995391846
52,7,5,2,2,2,9,58,248,240,1.376943588256836,0.0004374980926513672,1.0579705238342285
52,7,5,2,2,2,10,66,304,144,1.5376760959625244,0.0005629062652587891,2.1162211894989014
52,8,5,2,2,2,8,54,120,128,1.269090175628662,0.0003383159637451172,0.030467987060546875
52,8,5,2,2,2,9,62,192,128,1.326629400253296,0.00036597251892089844,0.08173346519470215
52,8,5,2,2,2,10,64,216,64,1.4870541095733643,0.0004296302795410156,0.09779930114746094
52,8,5,2,2,2,11,72,304,192,1.678102970123291,0.00047469139099121094,0.4291696548461914
52,8,5,2,2,2,12,80,440,176,1.8367841243743896,0.0006210803985595703,1.732088565826416
53,7,5,2,2,2,7,21,28,16,0.6890594959259033,0.0003178119659423828,0.0008494853973388672
53,7,5,2,2,2,8,25,50,17,0.7951130867004395,0.0004029273986816406,0.003956317901611328
53,7,5,2,2,2,9,29,88,22,0.921029806137085,0.0004818439483642578,0.012237787246704102
53,7,5,2,2,2,10,33,118,25,1.1606762409210205,0.0006237030029296875,0.03121161460876465
53,8,5,2,2,2,8,27,46,41,0.8813765048980713,0.00035881996154785156,0.009719133377075195
53,8,5,2,2,2,9,31,62,41,1.003690481185913,0.0004296302795410156,0.015412330627441406
53,8,5,2,2,2,10,35,102,53,1.0956192016601562,0.000423431396484375,0.0246884822845459
53,8,5,2,2,2,11,36,112,27,1.1243441104888916,0.00041675567626953125,0.02253127098083496
53,8,5,2,2,2,12,40,184,51,1.209564447402954,0.0004963874816894531,0.0583953857421875
54,7,5,2,2,2,7,21,19,1,0.7294580936431885,0.00037741661071777344,0.0004603862762451172
54,7,5,2,2,2,8,23,28,1,0.8105361461639404,0.00033736228942871094,0.0005891323089599609
54,7,5,2,2,2,9,25,41,1,0.8692431449890137,0.0004792213439941406,0.0022974014282226562
54,7,5,2,2,2,10,27,54,1,0.9694654941558838,0.00044918060302734375,0.0027942657470703125
54,8,5,2,2,2,8,24,24,1,0.8199334144592285,0.0003154277801513672,0.0003533363342285156
54,8,5,2,2,2,9,26,37,1,0.7371487617492676,0.0003383159637451172,0.0006215572357177734
54,8,5,2,2,2,10,28,42,1,1.02632737159729,0.00048732757568359375,0.0012736320495605469
54,8,5,2,2,2,11,30,51,1,1.0919768810272217,0.00047969818115234375,0.00232696533203125
54,8,5,2,2,2,12,32,66,1,1.1676130294799805,0.0005998611450195312,0.006131887435913086
55,7,5,2,2,2,7,24,36,128,0.9418997764587402,0.0002510547637939453,0.006753683090209961
55,7,5,2,2,2,8,25,40,128,1.019021987915039,0.0003075599670410156,0.008694887161254883
55,7,5,2,2,2,9,29,76,128,1.1903352737426758,0.0003631114959716797,0.04496312141418457
55,7,5,2,2,2,10,33,104,128,1.3016066551208496,0.0003654956817626953,0.11459898948669434
55,8,5,2,2,2,8,27,40,256,1.2732253074645996,0.0002789497375488281,0.024290800094604492
55,8,5,2,2,2,9,31,76,256,1.2236740589141846,0.00033402442932128906,0.06803512573242188
55,8,5,2,2,2,10,32,88,256,1.268214464187622,0.00038170814514160156,0.07823753356933594
55,8,5,2,2,2,11,36,100,256,1.4216113090515137,0.0004115104675292969,0.17560982704162598
55,8,5,2,2,2,12,40,144,256,1.597280502319336,0.0006122589111328125,0.4345388412475586
56,7,5,2,2,2,7,39,106,944,1.1921653747558594,0.00026726722717285156,0.08163094520568848
56,7,5,2,2,2,8,45,176,944,1.3530709743499756,0.00031876564025878906,0.26838064193725586
56,7,5,2,2,2,9,47,202,880,1.4029834270477295,0.0005600452423095703,0.38789844512939453
56,7,5,2,2,2,10,53,276,880,1.6852800846099854,0.0004019737243652344,1.0780723094940186
56,8,5,2,2,2,8,44,118,2912,1.3158152103424072,0.00029587745666503906,0.10764622688293457
56,8,5,2,2,2,9,50,154,2912,1.5336270332336426,0.00032019615173339844,0.7615001201629639
56,8,5,2,2,2,10,56,196,2912,1.618577480316162,0.0004477500915527344,2.0228517055511475
56,8,5,2,2,2,11,62,332,3704,1.8861808776855469,0.0003998279571533203,5.072613954544067
56,8,5,2,2,2,12,64,364,2776,1.5504612922668457,0.0004451274871826172,7.467684268951416
57,7,5,2,2,2,7,30,34,4,0.8772673606872559,0.0004291534423828125,0.0008609294891357422
57,7,5,2,2,2,8,34,58,4,1.0093536376953125,0.000453948974609375,0.0021331310272216797
57,7,5,2,2,2,9,38,70,2,1.1466772556304932,0.0005781650543212891,0.0028378963470458984
57,7,5,2,2,2,10,42,96,1,1.2534849643707275,0.0004525184631347656,0.004052877426147461
57,8,5,2,2,2,8,32,32,16,0.9418365955352783,0.0002865791320800781,0.0014598369598388672
57,8,5,2,2,2,9,36,52,16,1.0511577129364014,0.00039386749267578125,0.004761934280395508
57,8,5,2,2,2,10,40,64,8,1.2172622680664062,0.0003371238708496094,0.008697509765625
57,8,5,2,2,2,11,44,104,8,1.3975157737731934,0.0006644725799560547,0.0316319465637207
57,8,5,2,2,2,12,48,120,8,1.4214262962341309,0.0006110668182373047,0.05692458152770996
58,7,5,2,2,2,7,21,28,8,0.9103972911834717,0.0002422332763671875,0.0011229515075683594
58,7,5,2,2,2,8,25,48,8,1.1215548515319824,0.0002872943878173828,0.0035676956176757812
58,7,5,2,2,2,9,29,60,8,1.2357001304626465,0.0003209114074707031,0.007356405258178711
58,7,5,2,2,2,10,33,96,8,1.4307763576507568,0.0003662109375,0.025472640991210938
58,8,5,2,2,2,8,27,34,16,1.1359517574310303,0.00030040740966796875,0.002605915069580078
58,8,5,2,2,2,9,31,64,8,1.3456847667694092,0.00032329559326171875,0.009763717651367188
58,8,5,2,2,2,10,35,84,8,1.5432872772216797,0.00035762786865234375,0.02011704444885254
58,8,5,2,2,2,11,39,100,4,1.6519768238067627,0.00044465065002441406,0.03969240188598633
58,8,5,2,2,2,12,43,120,4,1.5347747802734375,0.0004482269287109375,0.0765073299407959
59,7,5,2,2,2,7,33,117,2187,0.8267474174499512,0.0002689361572265625,0.2211148738861084
59,7,5,2,2,2,8,34,138,2187,0.8282337188720703,0.0003185272216796875,0.43018293380737305
59,7,5,2,2,2,9,40,228,2187,1.3188776969909668,0.0004069805145263672,1.9483094215393066
59,7,5,2,2,2,10,46,300,2187,1.653536081314087,0.0003883838653564453,4.769352197647095
59,8,5,2,2,2,8,32,96,6561,1.0716888904571533,0.0003058910369873047,0.3056612014770508
59,8,5,2,2,2,9,38,150,6561,1.2449595928192139,0.00032401084899902344,1.7977733612060547
59,8,5,2,2,2,10,44,240,6561,1.4346048831939697,0.0003802776336669922,4.216219663619995
59,8,5,2,2,2,11,50,312,6561,1.6195437908172607,0.0004146099090576172,10.498722076416016
59,8,5,2,2,2,12,56,402,6561,1.7488868236541748,0.00046563148498535156,24.13610577583313
60,7,5,2,2,2,7,30,56,128,0.8721184730529785,0.0003116130828857422,0.010499715805053711
60,7,5,2,2,2,8,34,92,128,1.062349557876587,0.0004868507385253906,0.04233837127685547
60,7,5,2,2,2,9,36,120,128,1.078744888305664,0.0004673004150390625,0.09775352478027344
60,7,5,2,2,2,10,40,168,128,1.1819450855255127,0.0004684925079345703,0.22429966926574707
60,8,5,2,2,2,8,34,68,256,1.013329267501831,0.00041413307189941406,0.02595210075378418
60,8,5,2,2,2,9,38,88,256,1.119781732559204,0.0004029273986816406,0.05662274360656738
60,8,5,2,2,2,10,42,112,256,1.2481892108917236,0.0003788471221923828,0.12608075141906738
60,8,5,2,2,2,11,46,184,256,1.3765006065368652,0.0006957054138183594,0.41075873374938965
60,8,5,2,2,2,12,50,240,256,1.5060946941375732,0.0008082389831542969,0.9500057697296143
61,7,5,2,2,2,7,17,23,4,0.5621888637542725,0.0002491474151611328,0.0005259513854980469
61,7,5,2,2,2,8,19,38,4,0.5593116283416748,0.0004229545593261719,0.0019428730010986328
61,7,5,2,2,2,9,21,50,4,0.7449014186859131,0.00036454200744628906,0.003153562545776367
61,7,5,2,2,2,10,20,48,2,0.8049881458282471,0.00043129920959472656,0.0024225711822509766
61,8,5,2,2,2,8,19,25,3,0.6632466316223145,0.0003905296325683594,0.0006849765777587891
61,8,5,2,2,2,9,21,31,3,0.7568819522857666,0.0003590583801269531,0.0012750625610351562
61,8,5,2,2,2,10,23,39,3,0.8032515048980713,0.0003590583801269531,0.0016751289367675781
61,8,5,2,2,2,11,25,51,3,1.1002247333526611,0.0004508495330810547,0.0044133663177490234
61,8,5,2,2,2,12,24,48,2,0.910210132598877,0.00038909912109375,0.0021524429321289062
62,7,5,2,2,2,7,66,258,82944,1.4732813835144043,0.00039315223693847656,11.86413836479187
62,7,5,2,2,2,8,78,348,55296,1.7297031879425049,0.00045180320739746094,53.01664686203003
62,7,5,2,2,2,9,90,720,36864,2.022691011428833,0.0005002021789550781,139.13228178024292
62,7,5,2,2,2,10,102,954,36864,2.267061710357666,0.0005309581756591797,485.19281029701233
62,8,5,2,2,2,8,74,282,331776,1.6319754123687744,0.0003974437713623047,67.92620491981506
62,8,5,2,2,2,9,86,654,221184,2.0175366401672363,0.0005402565002441406,647.9211113452911
62,8,5,2,2,2,10,98,786,147456,2.2028257846832275,0.0006043910980224609,1413.7439846992493
62,8,5,2,2,2,11,110,1020,147456,2.5492641925811768,0.0006189346313476562,3880.8825726509094
62,8,5,2,2,2,12,122,1158,147456,2.8824543952941895,0.0006735324859619141,7823.178244352341
63,7,5,2,2,2,7,15,18,1,0.8133895397186279,0.00027942657470703125,0.0002999305725097656
63,7,5,2,2,2,8,17,26,1,0.928058385848999,0.0002789497375488281,0.0004532337188720703
63,7,5,2,2,2,9,19,32,1,1.0478692054748535,0.00029969215393066406,0.0005950927734375
63,7,5,2,2,2,10,20,38,2,1.1285688877105713,0.0003113746643066406,0.0010561943054199219
63,8,5,2,2,2,8,17,18,1,0.9777841567993164,0.0004127025604248047,0.00034236907958984375
63,8,5,2,2,2,9,19,24,1,1.1136975288391113,0.0004341602325439453,0.0004558563232421875
63,8,5,2,2,2,10,20,32,2,1.1764113903045654,0.0003581047058105469,0.00048732757568359375
63,8,5,2,2,2,11,22,38,2,1.3087501525878906,0.0003566741943359375,0.0006463527679443359
63,8,5,2,2,2,12,24,52,2,1.4739408493041992,0.0004074573516845703,0.0013899803161621094
64,7,5,2,2,2,7,15,15,1,0.6823980808258057,0.0002512931823730469,0.0001971721649169922
64,7,5,2,2,2,8,17,23,1,0.7729024887084961,0.0005118846893310547,0.000583648681640625
64,7,5,2,2,2,9,19,37,1,0.8705050945281982,0.00057220458984375,0.001191854476928711
64,7,5,2,2,2,10,21,49,1,0.9838640689849854,0.0004787445068359375,0.0022056102752685547
64,8,5,2,2,2,8,17,19,1,0.767951250076294,0.000293731689453125,0.0002651214599609375
64,8,5,2,2,2,9,19,29,1,0.9378986358642578,0.0004069805145263672,0.0006670951843261719
64,8,5,2,2,2,10,21,37,1,0.957421064376831,0.00036787986755371094,0.0011720657348632812
64,8,5,2,2,2,11,22,40,1,0.9906651973724365,0.0003814697265625,0.0012989044189453125
64,8,5,2,2,2,12,24,52,1,0.9810726642608643,0.00043201446533203125,0.0026581287384033203
65,7,5,2,2,2,7,33,31,1,0.685638427734375,0.0002655982971191406,0.0004696846008300781
65,7,5,2,2,2,8,37,52,1,0.7428991794586182,0.0002880096435546875,0.001941680908203125
65,7,5,2,2,2,9,39,67,1,0.8632328510284424,0.0003528594970703125,0.0035767555236816406
65,7,5,2,2,2,10,41,84,1,0.8915679454803467,0.0003676414489746094,0.0061490535736083984
65,8,5,2,2,2,8,40,40,1,0.7883303165435791,0.00029397010803222656,0.001199483871459961
65,8,5,2,2,2,9,42,57,1,0.8890395164489746,0.0003294944763183594,0.0017971992492675781
65,8,5,2,2,2,10,44,72,1,0.9311666488647461,0.0003733634948730469,0.002303600311279297
65,8,5,2,2,2,11,46,89,1,1.0883219242095947,0.00040531158447265625,0.0044858455657958984
65,8,5,2,2,2,12,48,108,1,1.1089634895324707,0.0005118846893310547,0.005694150924682617
66,7,5,2,2,2,7,25,63,137,0.8044083118438721,0.0002837181091308594,0.04247760772705078
66,7,5,2,2,2,8,25,68,137,0.83357834815979,0.0003032684326171875,0.03745412826538086
66,7,5,2,2,2,9,29,125,129,0.9670178890228271,0.0003783702850341797,0.18023133277893066
66,7,5,2,2,2,10,33,182,129,1.1060066223144531,0.0005228519439697266,0.22583293914794922
66,8,5,2,2,2,8,28,52,257,0.9114511013031006,0.0003428459167480469,0.012583017349243164
66,8,5,2,2,2,9,32,69,257,1.0253820419311523,0.0004107952117919922,0.04363393783569336
66,8,5,2,2,2,10,32,82,257,1.0514521598815918,0.0004394054412841797,0.05739998817443848
66,8,5,2,2,2,11,36,123,257,1.2061705589294434,0.0006630420684814453,0.1698462963104248
66,8,5,2,2,2,12,40,140,257,1.2972829341888428,0.0007574558258056641,0.34716129302978516
67,7,5,2,2,2,7,28,63,192,1.1902732849121094,0.000232696533203125,0.028861284255981445
67,7,5,2,2,2,8,34,114,192,1.325993537902832,0.0003037452697753906,0.08083748817443848
67,7,5,2,2,2,9,40,189,192,1.5981760025024414,0.0003612041473388672,0.2706000804901123
67,7,5,2,2,2,10,46,264,192,1.8146586418151855,0.00037789344787597656,0.7583668231964111
67,8,5,2,2,2,8,37,93,864,1.526803970336914,0.0003750324249267578,0.0515596866607666
67,8,5,2,2,2,9,43,168,864,1.647653579711914,0.0003504753112792969,0.43625378608703613
67,8,5,2,2,2,10,44,186,576,1.748990774154663,0.0005300045013427734,0.6396701335906982
67,8,5,2,2,2,11,50,249,576,1.9467394351959229,0.0005404949188232422,1.6300864219665527
67,8,5,2,2,2,12,56,312,576,2.2242636680603027,0.000461578369140625,2.9609999656677246
68,7,5,2,2,2,7,15,5,0,0.7887680530548096,0.00035881996154785156,0.00013685226440429688
68,7,5,2,2,2,8,16,10,0,0.9038703441619873,0.00027441978454589844,9.679794311523438e-05
68,7,5,2,2,2,9,18,13,0,0.970604419708252,0.0004100799560546875,0.0001327991485595703
68,7,5,2,2,2,10,20,16,0,1.1118872165679932,0.0004677772521972656,0.00014281272888183594
68,8,5,2,2,2,8,17,5,0,0.7933464050292969,0.0003247261047363281,0.0001533031463623047
68,8,5,2,2,2,9,19,7,0,1.0312368869781494,0.00042176246643066406,0.00011348724365234375
68,8,5,2,2,2,10,21,10,0,1.6832404136657715,0.0003986358642578125,0.00011110305786132812
68,8,5,2,2,2,11,23,11,0,1.2853763103485107,0.00046515464782714844,0.00011301040649414062
68,8,5,2,2,2,12,25,14,0,1.4334397315979004,0.0005576610565185547,0.00017309188842773438
69,7,5,2,2,2,7,24,12,0,1.0395212173461914,0.00025200843811035156,0.0002391338348388672
69,7,5,2,2,2,8,28,18,0,1.207803726196289,0.00032401084899902344,0.0002243518829345703
69,7,5,2,2,2,9,32,22,0,1.3310573101043701,0.00038123130798339844,0.00020551681518554688
69,7,5,2,2,2,10,36,26,0,1.5324950218200684,0.00036597251892089844,0.0002071857452392578
69,8,5,2,2,2,8,27,14,0,1.1590139865875244,0.0005788803100585938,0.00016760826110839844
69,8,5,2,2,2,9,31,16,0,1.305680274963379,0.000316619873046875,0.00011157989501953125
69,8,5,2,2,2,10,32,28,0,1.2506392002105713,0.0003440380096435547,0.0001652240753173828
69,8,5,2,2,2,11,36,34,0,1.491997241973877,0.0003948211669921875,0.00011396408081054688
69,8,5,2,2,2,12,40,40,0,1.692141056060791,0.0004181861877441406,0.00011205673217773438
70,7,5,2,2,2,7,36,102,1296,0.9526095390319824,0.00028228759765625,0.30141520500183105
70,7,5,2,2,2,8,42,135,1296,1.1205332279205322,0.0003838539123535156,0.8300201892852783
70,7,5,2,2,2,9,48,261,864,1.2008461952209473,0.0004799365997314453,2.167466402053833
70,7,5,2,2,2,10,54,324,864,1.4121277332305908,0.0007469654083251953,4.33162784576416
70,8,5,2,2,2,8,32,72,1296,0.914642333984375,0.0002949237823486328,0.24013113975524902
70,8,5,2,2,2,9,38,99,864,1.0619354248046875,0.0006031990051269531,0.3789093494415283
70,8,5,2,2,2,10,44,186,576,1.2220790386199951,0.0004363059997558594,1.1065239906311035
70,8,5,2,2,2,11,50,237,576,1.2633798122406006,0.0007772445678710938,1.6763558387756348
70,8,5,2,2,2,12,56,288,384,1.539689064025879,0.0006561279296875,2.3082339763641357
71,7,5,2,2,2,7,14,7,1,0.5937910079956055,0.000240325927734375,0.00013136863708496094
71,7,5,2,2,2,8,16,12,1,0.8643646240234375,0.0003974437713623047,0.00024247169494628906
71,7,5,2,2,2,9,18,21,1,0.7943027019500732,0.00045371055603027344,0.0004544258117675781
71,7,5,2,2,2,10,20,28,1,0.8819317817687988,0.0004761219024658203,0.0005006790161132812
71,8,5,2,2,2,8,19,15,2,0.7404384613037109,0.00042700767517089844,0.00026416778564453125
71,8,5,2,2,2,9,21,18,2,0.8339576721191406,0.0005693435668945312,0.0004527568817138672
71,8,5,2,2,2,10,23,29,2,0.9099018573760986,0.0004837512969970703,0.0008368492126464844
71,8,5,2,2,2,11,25,40,2,1.0502851009368896,0.00041985511779785156,0.0014221668243408203
71,8,5,2,2,2,12,27,54,2,1.0955395698547363,0.0005681514739990234,0.005291938781738281
72,7,5,2,2,2,7,25,36,16,0.8085353374481201,0.000331878662109375,0.0045871734619140625
72,7,5,2,2,2,8,29,48,16,0.9169168472290039,0.00029540061950683594,0.003432035446166992
72,7,5,2,2,2,9,33,68,8,1.0396664142608643,0.0004279613494873047,0.009809494018554688
72,7,5,2,2,2,10,37,92,4,1.2091569900512695,0.0005037784576416016,0.014458656311035156
72,8,5,2,2,2,8,24,32,8,0.8113136291503906,0.00047969818115234375,0.001668691635131836
72,8,5,2,2,2,9,28,48,8,0.928581953048706,0.0005707740783691406,0.00479578971862793
72,8,5,2,2,2,10,32,60,8,1.0534803867340088,0.0003981590270996094,0.0046198368072509766
72,8,5,2,2,2,11,36,84,4,1.1598663330078125,0.0006561279296875,0.013889312744140625
72,8,5,2,2,2,12,40,112,4,1.2321481704711914,0.0004525184631347656,0.0231473445892334
73,7,5,2,2,2,7,33,117,2187,0.8190367221832275,0.00048613548278808594,0.42214131355285645
73,7,5,2,2,2,8,39,189,2187,0.9891901016235352,0.0004317760467529297,1.2230052947998047
73,7,5,2,2,2,9,40,210,2187,1.0199086666107178,0.0005714893341064453,1.8389694690704346
73,7,5,2,2,2,10,46,318,2187,1.2065589427947998,0.0004215240478515625,4.113068342208862
73,8,5,2,2,2,8,37,111,6561,0.9266266822814941,0.0004057884216308594,1.6093108654022217
73,8,5,2,2,2,9,43,183,6561,1.2150886058807373,0.0003762245178222656,3.0866734981536865
73,8,5,2,2,2,10,49,327,6561,1.2624566555023193,0.0004851818084716797,15.146346092224121
73,8,5,2,2,2,11,55,414,6561,1.416764497756958,0.0008933544158935547,32.931833267211914
73,8,5,2,2,2,12,61,483,6561,1.5967788696289062,0.000986337661743164,67.71648859977722
74,7,5,2,2,2,7,15,8,0,0.9070181846618652,0.00028061866760253906,9.894371032714844e-05
74,7,5,2,2,2,8,17,10,0,1.025069236755371,0.00039005279541015625,0.00013446807861328125
74,7,5,2,2,2,9,19,13,0,1.1860313415527344,0.0003197193145751953,0.00010824203491210938
74,7,5,2,2,2,10,20,16,0,1.2118923664093018,0.0003426074981689453,0.00011491775512695312
74,8,5,2,2,2,8,17,8,0,1.0119295120239258,0.0002722740173339844,9.34600830078125e-05
74,8,5,2,2,2,9,19,11,0,1.1788065433502197,0.00046443939208984375,0.00014853477478027344
74,8,5,2,2,2,10,21,13,0,1.3068392276763916,0.00033664703369140625,9.965896606445312e-05
74,8,5,2,2,2,11,23,15,0,1.4388997554779053,0.00037550926208496094,0.00010442733764648438
74,8,5,2,2,2,12,24,20,0,1.4992330074310303,0.0004787445068359375,0.000118255615234375
75,7,5,2,2,2,7,14,0,0,0.7428791522979736,0.00025653839111328125,8.273124694824219e-05
75,7,5,2,2,2,8,16,0,0,0.9164557456970215,0.00040221214294433594,0.00010609626770019531
75,7,5,2,2,2,9,18,0,0,1.135833740234375,0.00030684471130371094,7.891654968261719e-05
75,7,5,2,2,2,10,20,0,0,1.2211291790008545,0.00034236907958984375,7.963180541992188e-05
75,8,5,2,2,2,8,16,0,0,0.8987829685211182,0.0002810955047607422,8.153915405273438e-05
75,8,5,2,2,2,9,18,0,0,1.0537025928497314,0.00030159950256347656,8.606910705566406e-05
75,8,5,2,2,2,10,20,0,0,1.2133111953735352,0.0004191398620605469,0.00010085105895996094
75,8,5,2,2,2,11,22,0,0,1.345750331878662,0.0003752708435058594,8.368492126464844e-05
75,8,5,2,2,2,12,24,0,0,1.5701227188110352,0.00041937828063964844,8.368492126464844e-05
76,7,5,2,2,2,7,45,153,2187,1.1416831016540527,0.0004611015319824219,0.46549034118652344
76,7,5,2,2,2,8,51,207,2187,1.2975599765777588,0.0003161430358886719,1.4408752918243408
76,7,5,2,2,2,9,57,315,2187,1.338585615158081,0.00038313865661621094,3.648850202560425
76,7,5,2,2,2,10,63,486,2187,1.633819818496704,0.000690460205078125,8.382010698318481
76,8,5,2,2,2,8,51,144,6561,1.2366387844085693,0.00030875205993652344,2.012254476547241
76,8,5,2,2,2,9,54,216,6804,1.354534387588501,0.0005967617034912109,6.065176010131836
76,8,5,2,2,2,10,60,342,6804,1.495849370956421,0.0006940364837646484,17.00271463394165
76,8,5,2,2,2,11,66,432,6570,1.6642756462097168,0.000804901123046875,34.493661880493164
76,8,5,2,2,2,12,72,576,6570,1.8435337543487549,0.0005960464477539062,77.26366949081421
77,7,5,2,2,2,7,26,82,256,0.8058338165283203,0.0004901885986328125,0.025516271591186523
77,7,5,2,2,2,8,30,116,256,0.9290568828582764,0.0006258487701416016,0.09223628044128418
77,7,5,2,2,2,9,34,158,256,1.0623011589050293,0.0004551410675048828,0.20147919654846191
77,7,5,2,2,2,10,38,224,256,1.2049832344055176,0.00037479400634765625,0.6293408870697021
77,8,5,2,2,2,8,29,82,512,0.9122335910797119,0.00047779083251953125,0.04146409034729004
77,8,5,2,2,2,9,33,116,512,0.9403674602508545,0.00037932395935058594,0.05426788330078125
77,8,5,2,2,2,10,37,166,512,1.1315252780914307,0.00047326087951660156,0.13486862182617188
77,8,5,2,2,2,11,41,208,512,1.2861113548278809,0.0004971027374267578,0.3008580207824707
77,8,5,2,2,2,12,45,268,512,1.3674836158752441,0.00048542022705078125,0.47782349586486816
78,7,5,2,2,2,7,15,11,1,0.6576762199401855,0.0002529621124267578,0.00016069412231445312
78,7,5,2,2,2,8,17,20,1,0.748136043548584,0.0004322528839111328,0.0005509853363037109
78,7,5,2,2,2,9,19,23,1,0.8458373546600342,0.0004029273986816406,0.0005331039428710938
78,7,5,2,2,2,10,20,24,1,0.9223330020904541,0.0003516674041748047,0.000446319580078125
78,8,5,2,2,2,8,16,8,1,0.6954963207244873,0.00033164024353027344,0.00017571449279785156
78,8,5,2,2,2,9,18,13,1,0.7871043682098389,0.0003066062927246094,0.000194549560546875
78,8,5,2,2,2,10,20,16,1,0.9101095199584961,0.0005011558532714844,0.00037384033203125
78,8,5,2,2,2,11,22,25,1,0.9631588459014893,0.0003600120544433594,0.0004639625549316406
78,8,5,2,2,2,12,24,32,1,1.2189829349517822,0.0006976127624511719,0.00188446044921875
79,7,5,2,2,2,7,15,14,1,0.7967567443847656,0.00029397010803222656,0.00031447410583496094
79,7,5,2,2,2,8,17,25,1,0.8570191860198975,0.0002944469451904297,0.00048065185546875
79,7,5,2,2,2,9,19,33,1,0.8414895534515381,0.0003943443298339844,0.0011582374572753906
79,7,5,2,2,2,10,20,42,1,0.9773769378662109,0.00034809112548828125,0.0018794536590576172
79,8,5,2,2,2,8,17,18,1,0.8579845428466797,0.0002677440643310547,0.0003132820129394531
79,8,5,2,2,2,9,18,22,1,0.929344892501831,0.00029850006103515625,0.00038933753967285156
79,8,5,2,2,2,10,20,30,1,1.0345280170440674,0.00032639503479003906,0.0008192062377929688
79,8,5,2,2,2,11,22,36,1,1.1269690990447998,0.0004487037658691406,0.001519918441772461
79,8,5,2,2,2,12,24,52,1,1.179703712463379,0.0004112720489501953,0.0028662681579589844
80,7,5,2,2,2,7,15,6,0,0.6690471172332764,0.0002541542053222656,0.00011014938354492188
80,7,5,2,2,2,8,17,7,0,0.7555985450744629,0.0004200935363769531,0.00016021728515625
80,7,5,2,2,2,9,19,9,0,0.8484470844268799,0.0003998279571533203,0.00014972686767578125
80,7,5,2,2,2,10,21,10,0,0.9264743328094482,0.0003483295440673828,0.00013136863708496094
80,8,5,2,2,2,8,17,8,0,0.7451870441436768,0.00032973289489746094,0.00012969970703125
80,8,5,2,2,2,9,19,9,0,0.8278951644897461,0.0003108978271484375,0.00011777877807617188
80,8,5,2,2,2,10,20,14,0,0.8789565563201904,0.0005893707275390625,0.00021338462829589844
80,8,5,2,2,2,11,22,17,0,0.9937577247619629,0.00043320655822753906,0.0001437664031982422
80,8,5,2,2,2,12,24,20,0,1.084089756011963,0.00069427490234375,0.00020933151245117188
81,7,5,2,2,2,7,24,23,16,0.7861266136169434,0.0002608299255371094,0.0005295276641845703
81,7,5,2,2,2,8,28,44,8,0.8552272319793701,0.00027680397033691406,0.002794504165649414
81,7,5,2,2,2,9,32,71,4,1.0452492237091064,0.00041484832763671875,0.009759902954101562
81,7,5,2,2,2,10,36,88,2,1.7579007148742676,0.0004360675811767578,0.016336441040039062
81,8,5,2,2,2,8,27,32,4,0.9033467769622803,0.0003299713134765625,0.0010557174682617188
81,8,5,2,2,2,9,31,47,4,1.0227322578430176,0.0003857612609863281,0.0029418468475341797
81,8,5,2,2,2,10,32,54,3,1.0627038478851318,0.0003838539123535156,0.003100872039794922
81,8,5,2,2,2,11,36,69,3,1.2073826789855957,0.00036525726318359375,0.005536079406738281
81,8,5,2,2,2,12,40,108,3,1.3537981510162354,0.0005414485931396484,0.019568920135498047
82,7,5,2,2,2,7,24,56,128,0.7867882251739502,0.0002598762512207031,0.005532026290893555
82,7,5,2,2,2,8,28,74,128,0.908944845199585,0.0003917217254638672,0.02169013023376465
82,7,5,2,2,2,9,29,86,128,0.948969841003418,0.00040149688720703125,0.050395965576171875
82,7,5,2,2,2,10,33,128,128,1.3099417686462402,0.0005011558532714844,0.06694579124450684
82,8,5,2,2,2,8,27,56,256,0.8970272541046143,0.0004787445068359375,0.021902084350585938
82,8,5,2,2,2,9,31,88,256,0.9987750053405762,0.00043654441833496094,0.047772884368896484
82,8,5,2,2,2,10,32,100,256,1.0833191871643066,0.00044035911560058594,0.06873798370361328
82,8,5,2,2,2,11,36,126,256,1.1816468238830566,0.0004153251647949219,0.12438845634460449
82,8,5,2,2,2,12,40,176,256,1.3585333824157715,0.0007650852203369141,0.24315881729125977
83,7,5,2,2,2,7,60,256,16384,1.4975249767303467,0.0003261566162109375,1.2779645919799805
83,7,5,2,2,2,8,68,512,16384,1.773472547531128,0.0005853176116943359,5.177789926528931
83,7,5,2,2,2,9,76,704,16384,1.8460431098937988,0.0006105899810791016,15.217732667922974
83,7,5,2,2,2,10,84,864,16384,2.254595994949341,0.0005402565002441406,54.117775440216064
83,8,5,2,2,2,8,68,272,65536,1.7023963928222656,0.0003681182861328125,4.116903781890869
83,8,5,2,2,2,9,76,480,65536,1.9644620418548584,0.00040459632873535156,13.369917154312134
83,8,5,2,2,2,10,84,784,65536,2.166059970855713,0.0004703998565673828,57.40463876724243
83,8,5,2,2,2,11,88,896,65536,2.34019136428833,0.0005838871002197266,137.76421451568604
83,8,5,2,2,2,12,96,1056,65536,2.5629026889801025,0.0006163120269775391,286.1227855682373
84,7,5,2,2,2,7,96,640,606208,1.9963417053222656,0.0003795623779296875,16.05116581916809
84,7,5,2,2,2,8,112,896,704512,2.4293441772460938,0.0004100799560546875,697.7994272708893
84,7,5,2,2,2,9,128,1120,704512,2.7810158729553223,0.00055694580078125,1014.1940412521362
84,7,5,2,2,2,10,144,1792,704512,3.2058610916137695,0.0005934238433837891,9175.509024858475
84,8,5,2,2,2,8,96,512,1376256,2.0637097358703613,0.00033783912658691406,956.0398421287537
84,8,5,2,2,2,9,112,768,1376256,2.4352307319641113,0.000431060791015625,3382.3925428390503
84,8,5,2,2,2,10,128,1216,1507328,2.8132712841033936,0.0005052089691162109,9312.92289018631
84,8,5,2,2,2,11,144,1600,1507328,3.1391098499298096,0.0006237030029296875,22317.690911769867
84,8,5,2,2,2,12,160,2720,2555904,3.5631837844848633,0.0009918212890625,115884.54823851585
85,7,5,2,2,2,7,28,56,136,0.8867735862731934,0.0002849102020263672,0.0067212581634521484
85,7,5,2,2,2,8,32,96,136,1.0142128467559814,0.00031256675720214844,0.024159669876098633
85,7,5,2,2,2,9,36,136,136,1.1428961753845215,0.0004482269287109375,0.04673051834106445
85,7,5,2,2,2,10,40,176,136,1.1774630546569824,0.0005133152008056641,0.1085357666015625
85,8,5,2,2,2,8,36,88,528,1.112029790878296,0.0003104209899902344,0.07427406311035156
85,8,5,2,2,2,9,40,112,528,1.2472138404846191,0.00040793418884277344,0.1657111644744873
85,8,5,2,2,2,10,40,128,292,1.2466895580291748,0.00037598609924316406,0.17974233627319336
85,8,5,2,2,2,11,44,176,292,1.4362506866455078,0.0004286766052246094,0.46863412857055664
85,8,5,2,2,2,12,48,224,292,1.5922577381134033,0.0005178451538085938,1.0053529739379883
86,7,5,2,2,2,7,42,140,3888,1.141047477722168,0.0005118846893310547,1.0243256092071533
86,7,5,2,2,2,8,50,272,3888,1.301919937133789,0.0005834102630615234,3.077188014984131
86,7,5,2,2,2,9,58,404,3888,1.5163555145263672,0.0007197856903076172,10.057208061218262
86,7,5,2,2,2,10,66,464,3888,1.6991984844207764,0.0007143020629882812,21.274898052215576
86,8,5,2,2,2,8,54,184,15552,1.3998308181762695,0.00040531158447265625,5.4688544273376465
86,8,5,2,2,2,9,56,220,15552,1.474377155303955,0.0004341602325439453,11.38117003440857
86,8,5,2,2,2,10,64,352,15552,1.6813912391662598,0.0008075237274169922,47.20691752433777
86,8,5,2,2,2,11,72,484,11664,1.8654026985168457,0.0005772113800048828,116.71944236755371
86,8,5,2,2,2,12,80,664,11664,2.0875442028045654,0.0006511211395263672,267.78371000289917
87,7,5,2,2,2,7,22,25,2,0.7762925624847412,0.0003364086151123047,0.00039649009704589844
87,7,5,2,2,2,8,24,38,2,0.9666082859039307,0.0004954338073730469,0.0010631084442138672
87,7,5,2,2,2,9,25,45,1,0.9250614643096924,0.000370025634765625,0.0009014606475830078
87,7,5,2,2,2,10,27,60,1,1.0351080894470215,0.0004150867462158203,0.0017883777618408203
87,8,5,2,2,2,8,24,24,1,0.8303146362304688,0.00027108192443847656,0.00031280517578125
87,8,5,2,2,2,9,26,35,1,0.9183633327484131,0.00030350685119628906,0.0005784034729003906
87,8,5,2,2,2,10,28,50,1,1.0077805519104004,0.0004107952117919922,0.0013995170593261719
87,8,5,2,2,2,11,30,59,1,1.1157774925231934,0.00048470497131347656,0.002665281295776367
87,8,5,2,2,2,12,32,74,1,1.2148127555847168,0.0005438327789306641,0.006501913070678711
88,7,5,2,2,2,7,15,17,1,0.8724365234375,0.000263214111328125,0.0002486705780029297
88,7,5,2,2,2,8,16,22,1,0.9307150840759277,0.00030303001403808594,0.0003402233123779297
88,7,5,2,2,2,9,18,28,1,1.0946180820465088,0.00047469139099121094,0.0007688999176025391
88,7,5,2,2,2,10,20,44,1,1.2128582000732422,0.0005578994750976562,0.0017104148864746094
88,8,5,2,2,2,8,17,15,1,0.9922811985015869,0.00029778480529785156,0.00019884109497070312
88,8,5,2,2,2,9,19,21,1,1.0955989360809326,0.0003209114074707031,0.00023436546325683594
88,8,5,2,2,2,10,21,34,1,1.274235725402832,0.0005161762237548828,0.0006284713745117188
88,8,5,2,2,2,11,23,47,1,1.428692102432251,0.0005743503570556641,0.0011739730834960938
88,8,5,2,2,2,12,25,60,1,1.5588793754577637,0.0004799365997314453,0.0021524429321289062
89,7,5,2,2,2,7,15,13,1,0.7653884887695312,0.00038933753967285156,0.0003628730773925781
89,7,5,2,2,2,8,17,20,1,0.8868472576141357,0.0002906322479248047,0.000438690185546875
89,7,5,2,2,2,9,19,26,1,1.0449271202087402,0.0006246566772460938,0.00185394287109375
89,7,5,2,2,2,10,21,35,1,1.1939036846160889,0.00036144256591796875,0.0016145706176757812
89,8,5,2,2,2,8,17,21,1,0.8375158309936523,0.0002887248992919922,0.0003180503845214844
89,8,5,2,2,2,9,19,31,1,0.9835066795349121,0.000537872314453125,0.000993967056274414
89,8,5,2,2,2,10,21,37,1,1.1253728866577148,0.00038623809814453125,0.001012563705444336
89,8,5,2,2,2,11,23,49,1,1.3265581130981445,0.0003764629364013672,0.00266265869140625
89,8,5,2,2,2,12,25,66,1,1.3915908336639404,0.00042319297790527344,0.005388975143432617
90,7,5,2,2,2,7,35,98,1248,0.9772882461547852,0.0002913475036621094,0.07760906219482422
90,7,5,2,2,2,8,41,158,1296,1.1387126445770264,0.00032591819763183594,0.2792646884918213
90,7,5,2,2,2,9,47,202,1428,1.2644283771514893,0.00034499168395996094,0.6152839660644531
90,7,5,2,2,2,10,53,296,1428,1.5010056495666504,0.00041174888610839844,1.8511402606964111
90,8,5,2,2,2,8,44,140,3696,1.398524522781372,0.00030612945556640625,0.4167604446411133
90,8,5,2,2,2,9,50,184,3960,1.3690712451934814,0.00043773651123046875,1.707029104232788
90,8,5,2,2,2,10,56,246,4296,1.555072546005249,0.0004119873046875,4.052022218704224
90,8,5,2,2,2,11,62,318,4608,1.585479736328125,0.0005698204040527344,10.850868225097656
90,8,5,2,2,2,12,68,390,4920,1.877418041229248,0.0008251667022705078,23.19372534751892
91,7,5,2,2,2,7,56,308,149920,1.3677411079406738,0.0002655982971191406,36.35605502128601
91,7,5,2,2,2,8,68,512,151920,1.6242361068725586,0.00041556358337402344,158.41387629508972
91,7,5,2,2,2,9,80,716,157768,1.9034245014190674,0.0005574226379394531,425.2918219566345
91,7,5,2,2,2,10,92,928,174508,2.2052581310272217,0.0007107257843017578,1019.9681539535522
91,8,5,2,2,2,8,74,400,972288,1.7677388191223145,0.0003781318664550781,425.53961539268494
91,8,5,2,2,2,9,86,516,1087488,2.12726092338562,0.0006661415100097656,543.5516567230225
91,8,5,2,2,2,10,98,844,1123584,2.4426281452178955,0.0005335807800292969,1505.1467561721802
91,8,5,2,2,2,11,100,1036,1007232,2.457578420639038,0.0008864402770996094,1706.4700856208801
91,8,5,2,2,2,12,112,1384,1108944,2.831310510635376,0.0006775856018066406,2152.344856739044
92,7,5,2,2,2,7,23,34,18,0.8085107803344727,0.0002429485321044922,0.0037457942962646484
92,7,5,2,2,2,8,25,48,12,0.9032154083251953,0.00045418739318847656,0.010730266571044922
92,7,5,2,2,2,9,27,64,7,1.0032358169555664,0.0004143714904785156,0.017378568649291992
92,7,5,2,2,2,10,29,78,6,1.0959322452545166,0.0003726482391357422,0.02321171760559082
92,8,5,2,2,2,8,26,38,38,0.9340159893035889,0.0002913475036621094,0.001760244369506836
92,8,5,2,2,2,9,26,42,15,0.9545304775238037,0.00029540061950683594,0.0020864009857177734
92,8,5,2,2,2,10,28,52,12,1.0555074214935303,0.0005872249603271484,0.00613713264465332
92,8,5,2,2,2,11,30,72,7,1.1655080318450928,0.00040650367736816406,0.005658388137817383
92,8,5,2,2,2,12,32,82,7,1.1283018589019775,0.0004229545593261719,0.010443449020385742
93,7,5,2,2,2,7,24,56,128,1.1071889400482178,0.00038909912109375,0.022872447967529297
93,7,5,2,2,2,8,28,98,128,1.273322343826294,0.0004982948303222656,0.0921778678894043
93,7,5,2,2,2,9,29,110,128,1.3196008205413818,0.0005345344543457031,0.1382889747619629
93,7,5,2,2,2,10,33,152,128,1.5221734046936035,0.0003998279571533203,0.37697315216064453
93,8,5,2,2,2,8,27,56,256,1.1782355308532715,0.00035762786865234375,0.007518291473388672
93,8,5,2,2,2,9,31,104,256,1.297652244567871,0.0003809928894042969,0.04776883125305176
93,8,5,2,2,2,10,35,162,256,1.6238205432891846,0.00046443939208984375,0.1563584804534912
93,8,5,2,2,2,11,36,174,256,1.7022769451141357,0.0004639625549316406,0.23676633834838867
93,8,5,2,2,2,12,40,200,256,1.8563895225524902,0.0006742477416992188,0.4896824359893799
94,7,5,2,2,2,7,27,40,1,0.8902955055236816,0.0002872943878173828,0.001664876937866211
94,7,5,2,2,2,8,29,58,1,0.9779129028320312,0.0004642009735107422,0.0033218860626220703
94,7,5,2,2,2,9,31,73,1,1.0641834735870361,0.00039839744567871094,0.003026723861694336
94,7,5,2,2,2,10,33,87,1,1.1669600009918213,0.00042891502380371094,0.004847049713134766
94,8,5,2,2,2,8,32,48,52,0.965444803237915,0.00033354759216308594,0.016831636428833008
94,8,5,2,2,2,9,34,62,40,1.0052433013916016,0.0003840923309326172,0.02584695816040039
94,8,5,2,2,2,10,36,80,10,0.9358665943145752,0.0005679130554199219,0.030035972595214844
94,8,5,2,2,2,11,38,100,6,1.2557008266448975,0.0004076957702636719,0.05021786689758301
94,8,5,2,2,2,12,40,120,6,1.3590710163116455,0.0006020069122314453,0.07895588874816895
95,7,5,2,2,2,7,42,151,6916,1.337977409362793,0.0003304481506347656,2.690709114074707
95,7,5,2,2,2,8,50,266,7996,1.3609709739685059,0.0006127357482910156,14.485189437866211
95,7,5,2,2,2,9,58,493,8431,1.5777478218078613,0.0005097389221191406,47.12434768676758
95,7,5,2,2,2,10,66,626,10051,1.8148775100708008,0.0007293224334716797,85.4300525188446
95,8,5,2,2,2,8,40,136,22034,1.1307337284088135,0.0003101825714111328,2.8988518714904785
95,8,5,2,2,2,9,48,193,26714,1.3583476543426514,0.00033855438232421875,11.370934247970581
95,8,5,2,2,2,10,56,334,26822,1.524338960647583,0.00037169456481933594,39.0104444026947
95,8,5,2,2,2,11,64,475,27119,1.7087554931640625,0.0005679130554199219,120.60533332824707
95,8,5,2,2,2,12,72,680,32963,2.0093982219696045,0.0005733966827392578,314.5582890510559
96,7,5,2,2,2,7,33,84,432,1.1694159507751465,0.00040531158447265625,0.03341507911682129
96,7,5,2,2,2,8,39,108,288,1.3456707000732422,0.0003273487091064453,0.10645484924316406
96,7,5,2,2,2,9,45,141,288,1.5348522663116455,0.00043463706970214844,0.23105478286743164
96,7,5,2,2,2,10,51,225,288,1.7266581058502197,0.00044798851013183594,0.5901451110839844
96,8,5,2,2,2,8,37,87,1296,1.3278965950012207,0.000308990478515625,0.6289145946502686
96,8,5,2,2,2,9,43,123,864,1.5462327003479004,0.0004703998565673828,0.16852045059204102
96,8,5,2,2,2,10,49,186,864,1.6427531242370605,0.0005953311920166016,0.34512901306152344
96,8,5,2,2,2,11,55,219,864,1.8033506870269775,0.00044465065002441406,1.321911096572876
96,8,5,2,2,2,12,56,264,576,1.8538298606872559,0.0004780292510986328,1.883608102798462
97,7,5,2,2,2,7,15,17,1,0.7790610790252686,0.00032448768615722656,0.00033473968505859375
97,7,5,2,2,2,8,16,24,2,0.9559316635131836,0.0003764629364013672,0.0004906654357910156
97,7,5,2,2,2,9,18,38,2,1.0906450748443604,0.0002963542938232422,0.0007052421569824219
97,7,5,2,2,2,10,20,48,2,1.227792501449585,0.0003337860107421875,0.0017161369323730469
97,8,5,2,2,2,8,17,18,1,1.0151937007904053,0.0002579689025878906,0.0003352165222167969
97,8,5,2,2,2,9,19,27,1,1.1812543869018555,0.00030350685119628906,0.0005013942718505859
97,8,5,2,2,2,10,21,41,1,1.34763503074646,0.0003325939178466797,0.0011017322540283203
97,8,5,2,2,2,11,23,53,1,1.451021671295166,0.00035858154296875,0.0024595260620117188
97,8,5,2,2,2,12,24,60,2,1.4948551654815674,0.0003898143768310547,0.0032927989959716797
98,7,5,2,2,2,7,30,60,128,1.0462453365325928,0.0002593994140625,0.005877494812011719
98,7,5,2,2,2,8,34,104,128,1.149738073348999,0.0003848075866699219,0.02229928970336914
98,7,5,2,2,2,9,38,128,128,1.3206298351287842,0.0005209445953369141,0.03858327865600586
98,7,5,2,2,2,10,42,212,128,1.315222978591919,0.0003821849822998047,0.15178775787353516
98,8,5,2,2,2,8,34,68,256,1.2428603172302246,0.000286102294921875,0.07969880104064941
98,8,5,2,2,2,9,38,100,256,1.3795204162597656,0.0004756450653076172,0.19205760955810547
98,8,5,2,2,2,10,42,148,256,1.5192680358886719,0.0005788803100585938,0.5372374057769775
98,8,5,2,2,2,11,46,200,256,1.684415340423584,0.0004127025604248047,1.261326789855957
98,8,5,2,2,2,12,50,236,256,1.7530817985534668,0.00048542022705078125,2.3374414443969727
99,7,5,2,2,2,7,39,98,1500,1.082076072692871,0.0002887248992919922,0.031088829040527344
99,7,5,2,2,2,8,45,204,1532,1.2439701557159424,0.00033783912658691406,0.06441235542297363
99,7,5,2,2,2,9,51,276,1596,1.335054636001587,0.0003788471221923828,0.14310646057128906
99,7,5,2,2,2,10,57,314,1692,1.6221551895141602,0.0004267692565917969,0.5662791728973389
99,8,5,2,2,2,8,44,124,3720,1.2449462413787842,0.0003218650817871094,0.7797155380249023
99,8,5,2,2,2,9,50,188,3864,1.424626111984253,0.00044989585876464844,1.7824690341949463
99,8,5,2,2,2,10,56,250,4152,1.594148874282837,0.00043892860412597656,4.317379713058472
99,8,5,2,2,2,11,62,380,4480,1.5191965103149414,0.0006642341613769531,11.530738353729248
99,8,5,2,2,2,12,68,424,4896,1.8387341499328613,0.0008816719055175781,24.79915189743042
100,7,5,2,2,2,7,28,49,433,1.1297547817230225,0.00032782554626464844,0.0360417366027832
100,7,5,2,2,2,8,34,74,433,1.2905750274658203,0.00025582313537597656,0.06217217445373535
100,7,5,2,2,2,9,40,111,289,1.5343236923217773,0.00044035911560058594,0.17532610893249512
100,7,5,2,2,2,10,46,196,193,1.7674229145050049,0.0005784034729003906,0.8065614700317383
100,8,5,2,2,2,8,37,72,1296,1.4302923679351807,0.0004134178161621094,0.057641029357910156
100,8,5,2,2,2,9,43,130,864,1.6400432586669922,0.0003161430358886719,0.3025493621826172
100,8,5,2,2,2,10,44,142,865,1.6752903461456299,0.0003528594970703125,0.29305458068847656
100,8,5,2,2,2,11,50,167,865,1.9236352443695068,0.0003695487976074219,0.46689796447753906
100,8,5,2,2,2,12,56,252,581,2.1198511123657227,0.00041866302490234375,2.0373165607452393
