i_sample,n_local_networks,n_var_network,v_topology,n_output_variables,n_clauses_function,n_edges,step,method,execution_time,n_local_attractors,n_pair_attractors,n_attractor_fields
1,3,5,2,2,2,3,1,1,0.22505019599338993,16.0,,
1,3,5,2,2,2,3,1,2,0.16581193800084293,16.0,,
1,3,5,2,2,2,3,1,3,0.16306473000440747,16.0,,
1,3,5,2,2,2,3,2,1,7.144801202230155e-05,,0.0,
1,3,5,2,2,2,3,2,2,0.04033082700334489,,0.0,
1,3,5,2,2,2,3,2,3,0.03680754400556907,,0.0,
1,3,5,2,2,2,3,3,1,6.648799171671271e-05,,,0.0
1,3,5,2,2,2,3,3,2,0.041575328999897465,,,0.0
1,3,5,2,2,2,3,3,3,0.00012515499838627875,,,0.0
1,4,5,2,2,2,4,1,1,0.2916556640120689,21.0,,
1,4,5,2,2,2,4,1,2,0.17165842099348083,21.0,,
1,4,5,2,2,2,4,1,3,0.17546044100890867,21.0,,
1,4,5,2,2,2,4,2,1,6.257698987610638e-05,,0.0,
1,4,5,2,2,2,4,2,2,0.05341775601846166,,0.0,
1,4,5,2,2,2,4,2,3,0.04134101199451834,,0.0,
1,4,5,2,2,2,4,3,1,7.354200351983309e-05,,,0.0
1,4,5,2,2,2,4,3,2,0.04155053501017392,,,0.0
1,4,5,2,2,2,4,3,3,8.897800580598414e-05,,,0.0
1,5,5,2,2,2,5,1,1,0.33521895500598475,26.0,,
1,5,5,2,2,2,5,1,2,0.1694091829995159,26.0,,
1,5,5,2,2,2,5,1,3,0.16916355097782798,26.0,,
1,5,5,2,2,2,5,2,1,0.0001854279835242778,,0.0,
1,5,5,2,2,2,5,2,2,0.046871813014149666,,0.0,
1,5,5,2,2,2,5,2,3,0.05063814399181865,,0.0,
1,5,5,2,2,2,5,3,1,7.528901915065944e-05,,,0.0
1,5,5,2,2,2,5,3,2,0.036996882990933955,,,0.0
1,5,5,2,2,2,5,3,3,8.58349958434701e-05,,,0.0
1,6,5,2,2,2,6,1,1,0.41121814399957657,31.0,,
1,6,5,2,2,2,6,1,2,0.17713090500910766,31.0,,
1,6,5,2,2,2,6,1,3,0.16473624200443737,31.0,,
1,6,5,2,2,2,6,2,1,7.731499499641359e-05,,0.0,
1,6,5,2,2,2,6,2,2,0.04611480300081894,,0.0,
1,6,5,2,2,2,6,2,3,0.04244045299128629,,0.0,
1,6,5,2,2,2,6,3,1,4.630500916391611e-05,,,0.0
1,6,5,2,2,2,6,3,2,0.03506884499802254,,,0.0
1,6,5,2,2,2,6,3,3,8.513699867762625e-05,,,0.0
1,7,5,2,2,2,7,1,1,0.48717494000447914,36.0,,
1,7,5,2,2,2,7,1,2,0.1772944730182644,36.0,,
1,7,5,2,2,2,7,1,3,0.18012311501661316,36.0,,
1,7,5,2,2,2,7,2,1,8.54159879963845e-05,,0.0,
1,7,5,2,2,2,7,2,2,0.04977113401400857,,0.0,
1,7,5,2,2,2,7,2,3,0.04589529198710807,,0.0,
1,7,5,2,2,2,7,3,1,4.8260000767186284e-05,,,0.0
1,7,5,2,2,2,7,3,2,0.047677640977781266,,,0.0
1,7,5,2,2,2,7,3,3,9.358700481243432e-05,,,0.0
1,8,5,2,2,2,8,1,1,4.800484964012867,42.0,,
1,8,5,2,2,2,8,1,2,3.6664416620042175,42.0,,
1,8,5,2,2,2,8,1,3,2.742321492987685,42.0,,
1,8,5,2,2,2,8,2,1,0.00017767600365914404,,0.0,
1,8,5,2,2,2,8,2,2,0.05871389101957902,,0.0,
1,8,5,2,2,2,8,2,3,0.05157792801037431,,0.0,
1,8,5,2,2,2,8,3,1,4.6932982513681054e-05,,,0.0
1,8,5,2,2,2,8,3,2,0.04027628098265268,,,0.0
1,8,5,2,2,2,8,3,3,9.505398338660598e-05,,,0.0
1,9,5,2,2,2,9,1,1,16.07373870702577,47.0,,
1,9,5,2,2,2,9,1,2,0.33045172900892794,47.0,,
1,9,5,2,2,2,9,1,3,0.4688925880182069,47.0,,
1,9,5,2,2,2,9,2,1,0.0001627309829927981,,0.0,
1,9,5,2,2,2,9,2,2,0.06637401401530951,,0.0,
1,9,5,2,2,2,9,2,3,0.05561293798382394,,0.0,
1,9,5,2,2,2,9,3,1,4.8609013902023435e-05,,,0.0
1,9,5,2,2,2,9,3,2,0.054372417012928054,,,0.0
1,9,5,2,2,2,9,3,3,9.575299918651581e-05,,,0.0
1,10,5,2,2,2,10,1,1,0.7340205759974197,52.0,,
1,10,5,2,2,2,10,1,2,0.26314219197956845,52.0,,
1,10,5,2,2,2,10,1,3,0.23534752597333863,52.0,,
1,10,5,2,2,2,10,2,1,0.00010532001033425331,,0.0,
1,10,5,2,2,2,10,2,2,0.052471964998403564,,0.0,
1,10,5,2,2,2,10,2,3,0.05287795400363393,,0.0,
1,10,5,2,2,2,10,3,1,4.7353008994832635e-05,,,0.0
1,10,5,2,2,2,10,3,2,0.049140535993501544,,,0.0
1,10,5,2,2,2,10,3,3,0.00010266699246130884,,,0.0
2,3,5,2,2,2,3,1,1,0.21375176301808096,24.0,,
2,3,5,2,2,2,3,1,2,0.16342036201967858,24.0,,
2,3,5,2,2,2,3,1,3,0.12992497099912725,24.0,,
2,3,5,2,2,2,3,2,1,5.859701195731759e-05,,0.0,
2,3,5,2,2,2,3,2,2,0.04035869298968464,,0.0,
2,3,5,2,2,2,3,2,3,0.04825969800003804,,0.0,
2,3,5,2,2,2,3,3,1,4.4419022742658854e-05,,,0.0
2,3,5,2,2,2,3,3,2,0.04432665600324981,,,0.0
2,3,5,2,2,2,3,3,3,8.325098315253854e-05,,,0.0
2,4,5,2,2,2,4,1,1,0.3837494979961775,42.0,,
2,4,5,2,2,2,4,1,2,0.2340715950122103,42.0,,
2,4,5,2,2,2,4,1,3,0.21550896900589578,42.0,,
2,4,5,2,2,2,4,2,1,0.00016405800124630332,,0.0,
2,4,5,2,2,2,4,2,2,0.04120105001493357,,0.0,
2,4,5,2,2,2,4,2,3,0.040106775995809585,,0.0,
2,4,5,2,2,2,4,3,1,4.504801472648978e-05,,,0.0
2,4,5,2,2,2,4,3,2,0.03504363200045191,,,0.0
2,4,5,2,2,2,4,3,3,8.744100341573358e-05,,,0.0
2,5,5,2,2,2,5,1,1,0.42570860401610844,50.0,,
2,5,5,2,2,2,5,1,2,0.2511651100066956,50.0,,
2,5,5,2,2,2,5,1,3,0.2178073060058523,50.0,,
2,5,5,2,2,2,5,2,1,8.758099284023046e-05,,0.0,
2,5,5,2,2,2,5,2,2,0.04499482800019905,,0.0,
2,5,5,2,2,2,5,2,3,0.04760039699613117,,0.0,
2,5,5,2,2,2,5,3,1,5.091397906653583e-05,,,0.0
2,5,5,2,2,2,5,3,2,0.03272476198617369,,,0.0
2,5,5,2,2,2,5,3,3,8.86979978531599e-05,,,0.0
2,6,5,2,2,2,6,1,1,0.5469540499907453,58.0,,
2,6,5,2,2,2,6,1,2,0.2227003860170953,58.0,,
2,6,5,2,2,2,6,1,3,0.21416724802111275,58.0,,
2,6,5,2,2,2,6,2,1,7.717401604168117e-05,,0.0,
2,6,5,2,2,2,6,2,2,0.052630016987677664,,0.0,
2,6,5,2,2,2,6,2,3,0.03967585600912571,,0.0,
2,6,5,2,2,2,6,3,1,5.5034004617482424e-05,,,0.0
2,6,5,2,2,2,6,3,2,0.033610558981308714,,,0.0
2,6,5,2,2,2,6,3,3,8.115600212477148e-05,,,0.0
2,7,5,2,2,2,7,1,1,0.6429087100259494,78.0,,
2,7,5,2,2,2,7,1,2,0.245231603999855,78.0,,
2,7,5,2,2,2,7,1,3,0.23356210300698876,78.0,,
2,7,5,2,2,2,7,2,1,8.84890032466501e-05,,0.0,
2,7,5,2,2,2,7,2,2,0.04818273297860287,,0.0,
2,7,5,2,2,2,7,2,3,0.0455221300071571,,0.0,
2,7,5,2,2,2,7,3,1,4.5326974941417575e-05,,,0.0
2,7,5,2,2,2,7,3,2,0.03369597499840893,,,0.0
2,7,5,2,2,2,7,3,3,8.953700307756662e-05,,,0.0
2,8,5,2,2,2,8,1,1,0.6745644819748122,76.0,,
2,8,5,2,2,2,8,1,2,0.24288423798861913,76.0,,
2,8,5,2,2,2,8,1,3,0.2363342430035118,76.0,,
2,8,5,2,2,2,8,2,1,0.0002403940015938133,,0.0,
2,8,5,2,2,2,8,2,2,0.05038105699350126,,0.0,
2,8,5,2,2,2,8,2,3,0.04870898701483384,,0.0,
2,8,5,2,2,2,8,3,1,4.693301161751151e-05,,,0.0
2,8,5,2,2,2,8,3,2,0.035196934011764824,,,0.0
2,8,5,2,2,2,8,3,3,0.00010273599764332175,,,0.0
2,9,5,2,2,2,9,1,1,0.8220138890028466,94.0,,
2,9,5,2,2,2,9,1,2,0.22910567099461332,94.0,,
2,9,5,2,2,2,9,1,3,0.23112506099278107,94.0,,
2,9,5,2,2,2,9,2,1,0.00012662200606428087,,0.0,
2,9,5,2,2,2,9,2,2,0.04593188801663928,,0.0,
2,9,5,2,2,2,9,2,3,0.05392990299151279,,0.0,
2,9,5,2,2,2,9,3,1,5.2032002713531256e-05,,,0.0
2,9,5,2,2,2,9,3,2,0.04061089098104276,,,0.0
2,9,5,2,2,2,9,3,3,9.016500553116202e-05,,,0.0
2,10,5,2,2,2,10,1,1,0.9241916870232671,102.0,,
2,10,5,2,2,2,10,1,2,0.2905798989813775,102.0,,
2,10,5,2,2,2,10,1,3,0.2599790100066457,102.0,,
2,10,5,2,2,2,10,2,1,0.00011139697744511068,,0.0,
2,10,5,2,2,2,10,2,2,0.05092602901277132,,0.0,
2,10,5,2,2,2,10,2,3,0.049523407011292875,,0.0,
2,10,5,2,2,2,10,3,1,5.286998930387199e-05,,,0.0
2,10,5,2,2,2,10,3,2,0.047948416002327576,,,0.0
2,10,5,2,2,2,10,3,3,0.0001104889961425215,,,0.0
3,3,5,2,2,2,3,1,1,0.17702411700156517,12.0,,
3,3,5,2,2,2,3,1,2,0.24187014199560508,12.0,,
3,3,5,2,2,2,3,1,3,0.22424115499597974,12.0,,
3,3,5,2,2,2,3,2,1,5.789898568764329e-05,,0.0,
3,3,5,2,2,2,3,2,2,0.05109253100818023,,0.0,
3,3,5,2,2,2,3,2,3,0.04817121001542546,,0.0,
3,3,5,2,2,2,3,3,1,4.40700096078217e-05,,,0.0
3,3,5,2,2,2,3,3,2,0.04699571101809852,,,0.0
3,3,5,2,2,2,3,3,3,9.819699334912002e-05,,,0.0
3,4,5,2,2,2,4,1,1,0.25010198599193245,15.0,,
3,4,5,2,2,2,4,1,2,0.18326639200677164,15.0,,
3,4,5,2,2,2,4,1,3,0.16632177899009548,15.0,,
3,4,5,2,2,2,4,2,1,7.018999895080924e-05,,0.0,
3,4,5,2,2,2,4,2,2,0.04784099999233149,,0.0,
3,4,5,2,2,2,4,2,3,0.04148481399170123,,0.0,
3,4,5,2,2,2,4,3,1,4.609499592334032e-05,,,0.0
3,4,5,2,2,2,4,3,2,0.035849461011821404,,,0.0
3,4,5,2,2,2,4,3,3,8.541601710021496e-05,,,0.0
3,5,5,2,2,2,5,1,1,0.31118356599472463,18.0,,
3,5,5,2,2,2,5,1,2,0.17274228800670244,18.0,,
3,5,5,2,2,2,5,1,3,0.17464595200726762,18.0,,
3,5,5,2,2,2,5,2,1,8.206302300095558e-05,,0.0,
3,5,5,2,2,2,5,2,2,0.04982337501132861,,0.0,
3,5,5,2,2,2,5,2,3,0.053734207001980394,,0.0,
3,5,5,2,2,2,5,3,1,4.483800148591399e-05,,,0.0
3,5,5,2,2,2,5,3,2,0.0405363000172656,,,0.0
3,5,5,2,2,2,5,3,3,8.611398516222835e-05,,,0.0
3,6,5,2,2,2,6,1,1,0.3724491779867094,22.0,,
3,6,5,2,2,2,6,1,2,0.1941453590115998,22.0,,
3,6,5,2,2,2,6,1,3,0.20261340498109348,22.0,,
3,6,5,2,2,2,6,2,1,8.171400986611843e-05,,0.0,
3,6,5,2,2,2,6,2,2,0.05396349699003622,,0.0,
3,6,5,2,2,2,6,2,3,0.05608562397537753,,0.0,
3,6,5,2,2,2,6,3,1,6.697801291011274e-05,,,0.0
3,6,5,2,2,2,6,3,2,0.09229295200202614,,,0.0
3,6,5,2,2,2,6,3,3,0.0015129719977267087,,,0.0
3,7,5,2,2,2,7,1,1,1.0750632470007986,28.0,,
3,7,5,2,2,2,7,1,2,0.22097970699542202,28.0,,
3,7,5,2,2,2,7,1,3,0.2197292689816095,28.0,,
3,7,5,2,2,2,7,2,1,0.0001669899793341756,,0.0,
3,7,5,2,2,2,7,2,2,0.04752776198438369,,0.0,
3,7,5,2,2,2,7,2,3,0.04273001500405371,,0.0,
3,7,5,2,2,2,7,3,1,4.951699520461261e-05,,,0.0
3,7,5,2,2,2,7,3,2,0.04394581200904213,,,0.0
3,7,5,2,2,2,7,3,3,9.561298065818846e-05,,,0.0
3,8,5,2,2,2,8,1,1,0.5814960130082909,31.0,,
3,8,5,2,2,2,8,1,2,0.19239779000054114,31.0,,
3,8,5,2,2,2,8,1,3,0.19479760600370355,31.0,,
3,8,5,2,2,2,8,2,1,0.0001081140071619302,,0.0,
3,8,5,2,2,2,8,2,2,0.04837780000525527,,0.0,
3,8,5,2,2,2,8,2,3,0.049626213003648445,,0.0,
3,8,5,2,2,2,8,3,1,6.571999983862042e-05,,,0.0
3,8,5,2,2,2,8,3,2,0.03806824900675565,,,0.0
3,8,5,2,2,2,8,3,3,8.93960241228342e-05,,,0.0
3,9,5,2,2,2,9,1,1,0.5720855979889166,34.0,,
3,9,5,2,2,2,9,1,2,0.20162075100233778,34.0,,
3,9,5,2,2,2,9,1,3,0.186887382005807,34.0,,
3,9,5,2,2,2,9,2,1,0.00010273701627738774,,0.0,
3,9,5,2,2,2,9,2,2,0.044538485002703965,,0.0,
3,9,5,2,2,2,9,2,3,0.04890705700381659,,0.0,
3,9,5,2,2,2,9,3,1,6.404501618817449e-05,,,0.0
3,9,5,2,2,2,9,3,2,0.03869200102053583,,,0.0
3,9,5,2,2,2,9,3,3,9.107301593758166e-05,,,0.0
3,10,5,2,2,2,10,1,1,0.6986613319895696,40.0,,
3,10,5,2,2,2,10,1,2,0.19662570199579932,40.0,,
3,10,5,2,2,2,10,1,3,0.19995070598088205,40.0,,
3,10,5,2,2,2,10,2,1,0.00017858401406556368,,0.0,
3,10,5,2,2,2,10,2,2,0.05674953499692492,,0.0,
3,10,5,2,2,2,10,2,3,0.04126362700480968,,0.0,
3,10,5,2,2,2,10,3,1,5.3149997256696224e-05,,,0.0
3,10,5,2,2,2,10,3,2,0.04188556401641108,,,0.0
3,10,5,2,2,2,10,3,3,0.0001222220016643405,,,0.0
4,3,5,2,2,2,3,1,1,0.13787423699977808,9.0,,
4,3,5,2,2,2,3,1,2,0.091932151990477,9.0,,
4,3,5,2,2,2,3,1,3,0.09095409500878304,9.0,,
4,3,5,2,2,2,3,2,1,5.64310175832361e-05,,0.0,
4,3,5,2,2,2,3,2,2,0.039675367006566375,,0.0,
4,3,5,2,2,2,3,2,3,0.04422287200577557,,0.0,
4,3,5,2,2,2,3,3,1,4.392999107949436e-05,,,0.0
4,3,5,2,2,2,3,3,2,0.038423111982410774,,,0.0
4,3,5,2,2,2,3,3,3,8.31809884402901e-05,,,0.0
4,4,5,2,2,2,4,1,1,0.21664479799801484,12.0,,
4,4,5,2,2,2,4,1,2,0.14887151497532614,12.0,,
4,4,5,2,2,2,4,1,3,0.17029120802180842,12.0,,
4,4,5,2,2,2,4,2,1,6.991098052822053e-05,,0.0,
4,4,5,2,2,2,4,2,2,0.05054420602391474,,0.0,
4,4,5,2,2,2,4,2,3,0.04784993900102563,,0.0,
4,4,5,2,2,2,4,3,1,4.5886001316830516e-05,,,0.0
4,4,5,2,2,2,4,3,2,0.04698942499817349,,,0.0
4,4,5,2,2,2,4,3,3,8.716201409697533e-05,,,0.0
4,5,5,2,2,2,5,1,1,0.25885742899845354,15.0,,
4,5,5,2,2,2,5,1,2,0.13478054699953645,15.0,,
4,5,5,2,2,2,5,1,3,0.1528741890215315,15.0,,
4,5,5,2,2,2,5,2,1,6.963199120946229e-05,,0.0,
4,5,5,2,2,2,5,2,2,0.04348737298278138,,0.0,
4,5,5,2,2,2,5,2,3,0.047922923986334354,,0.0,
4,5,5,2,2,2,5,3,1,4.7981011448428035e-05,,,0.0
4,5,5,2,2,2,5,3,2,0.037381709000328556,,,0.0
4,5,5,2,2,2,5,3,3,8.74419929459691e-05,,,0.0
4,6,5,2,2,2,6,1,1,0.34268401001463644,18.0,,
4,6,5,2,2,2,6,1,2,0.18811442499281839,18.0,,
4,6,5,2,2,2,6,1,3,0.15759608798543923,18.0,,
4,6,5,2,2,2,6,2,1,7.626699516549706e-05,,0.0,
4,6,5,2,2,2,6,2,2,0.04325347501435317,,0.0,
4,6,5,2,2,2,6,2,3,0.04074708101688884,,0.0,
4,6,5,2,2,2,6,3,1,4.6444998588413e-05,,,0.0
4,6,5,2,2,2,6,3,2,0.03854344901628792,,,0.0
4,6,5,2,2,2,6,3,3,8.820899529382586e-05,,,0.0
4,7,5,2,2,2,7,1,1,0.3417129369918257,21.0,,
4,7,5,2,2,2,7,1,2,0.14055341799394228,21.0,,
4,7,5,2,2,2,7,1,3,0.15488149799057283,21.0,,
4,7,5,2,2,2,7,2,1,0.00014450098387897015,,0.0,
4,7,5,2,2,2,7,2,2,0.0637481209996622,,0.0,
4,7,5,2,2,2,7,2,3,0.04327093600295484,,0.0,
4,7,5,2,2,2,7,3,1,5.00759924761951e-05,,,0.0
4,7,5,2,2,2,7,3,2,0.03269892101525329,,,0.0
4,7,5,2,2,2,7,3,3,9.009498171508312e-05,,,0.0
4,8,5,2,2,2,8,1,1,0.4133577320026234,24.0,,
4,8,5,2,2,2,8,1,2,0.2575536319927778,24.0,,
4,8,5,2,2,2,8,1,3,0.185109851998277,24.0,,
4,8,5,2,2,2,8,2,1,0.00012103500193916261,,0.0,
4,8,5,2,2,2,8,2,2,0.037717366009019315,,0.0,
4,8,5,2,2,2,8,2,3,0.04262860500602983,,0.0,
4,8,5,2,2,2,8,3,1,5.251998663879931e-05,,,0.0
4,8,5,2,2,2,8,3,2,0.039516129007097334,,,0.0
4,8,5,2,2,2,8,3,3,9.044501348398626e-05,,,0.0
4,9,5,2,2,2,9,1,1,0.47181293097673915,27.0,,
4,9,5,2,2,2,9,1,2,0.1439881419937592,27.0,,
4,9,5,2,2,2,9,1,3,0.15065442299237475,27.0,,
4,9,5,2,2,2,9,2,1,9.861600119620562e-05,,0.0,
4,9,5,2,2,2,9,2,2,0.046810211992124096,,0.0,
4,9,5,2,2,2,9,2,3,0.04939748300239444,,0.0,
4,9,5,2,2,2,9,3,1,5.0215981900691986e-05,,,0.0
4,9,5,2,2,2,9,3,2,0.03614740402554162,,,0.0
4,9,5,2,2,2,9,3,3,0.00011426000855863094,,,0.0
4,10,5,2,2,2,10,1,1,0.5615578620054293,30.0,,
4,10,5,2,2,2,10,1,2,0.17942714598029852,30.0,,
4,10,5,2,2,2,10,1,3,0.16194957500556484,30.0,,
4,10,5,2,2,2,10,2,1,0.00010601899703033268,,0.0,
4,10,5,2,2,2,10,2,2,0.046984396991319954,,0.0,
4,10,5,2,2,2,10,2,3,0.05006327899172902,,0.0,
4,10,5,2,2,2,10,3,1,4.9098016461357474e-05,,,0.0
4,10,5,2,2,2,10,3,2,0.046399406011914834,,,0.0
4,10,5,2,2,2,10,3,3,9.226100519299507e-05,,,0.0
5,3,5,2,2,2,3,1,1,0.0880794970144052,6.0,,
5,3,5,2,2,2,3,1,2,0.07469602100900374,6.0,,
5,3,5,2,2,2,3,1,3,0.08166366699151695,6.0,,
5,3,5,2,2,2,3,2,1,7.773400284349918e-05,,0.0,
5,3,5,2,2,2,3,2,2,0.04259403300238773,,0.0,
5,3,5,2,2,2,3,2,3,0.04098342399811372,,0.0,
5,3,5,2,2,2,3,3,1,4.476800677366555e-05,,,0.0
5,3,5,2,2,2,3,3,2,0.044164484977955,,,0.0
5,3,5,2,2,2,3,3,3,9.030400542542338e-05,,,0.0
5,4,5,2,2,2,4,1,1,0.1543094270164147,11.0,,
5,4,5,2,2,2,4,1,2,0.12101245601661503,11.0,,
5,4,5,2,2,2,4,1,3,0.10601543702068739,11.0,,
5,4,5,2,2,2,4,2,1,6.341500557027757e-05,,0.0,
5,4,5,2,2,2,4,2,2,0.04767924698535353,,0.0,
5,4,5,2,2,2,4,2,3,0.04919969299226068,,0.0,
5,4,5,2,2,2,4,3,1,4.595500649884343e-05,,,0.0
5,4,5,2,2,2,4,3,2,0.03764263601624407,,,0.0
5,4,5,2,2,2,4,3,3,8.653398253954947e-05,,,0.0
5,5,5,2,2,2,5,1,1,0.18680001102620736,13.0,,
5,5,5,2,2,2,5,1,2,0.10736791300587356,13.0,,
5,5,5,2,2,2,5,1,3,0.11842253099894151,13.0,,
5,5,5,2,2,2,5,2,1,7.005099905654788e-05,,0.0,
5,5,5,2,2,2,5,2,2,0.04889748900313862,,0.0,
5,5,5,2,2,2,5,2,3,0.03697271799319424,,0.0,
5,5,5,2,2,2,5,3,1,4.6164990635588765e-05,,,0.0
5,5,5,2,2,2,5,3,2,0.037724140973296016,,,0.0
5,5,5,2,2,2,5,3,3,8.78610007930547e-05,,,0.0
5,6,5,2,2,2,6,1,1,0.24231957099982537,18.0,,
5,6,5,2,2,2,6,1,2,0.11893027799669653,18.0,,
5,6,5,2,2,2,6,1,3,0.10955953199299984,18.0,,
5,6,5,2,2,2,6,2,1,9.71489935182035e-05,,0.0,
5,6,5,2,2,2,6,2,2,0.049160650989506394,,0.0,
5,6,5,2,2,2,6,2,3,0.03766379799344577,,0.0,
5,6,5,2,2,2,6,3,1,4.658498801290989e-05,,,0.0
5,6,5,2,2,2,6,3,2,0.038051905983593315,,,0.0
5,6,5,2,2,2,6,3,3,8.625400369055569e-05,,,0.0
5,7,5,2,2,2,7,1,1,0.3186132120026741,20.0,,
5,7,5,2,2,2,7,1,2,0.11154456101940013,20.0,,
5,7,5,2,2,2,7,1,3,0.12099303997820243,20.0,,
5,7,5,2,2,2,7,2,1,8.353000157512724e-05,,0.0,
5,7,5,2,2,2,7,2,2,0.04191643398371525,,0.0,
5,7,5,2,2,2,7,2,3,0.043575304007390514,,0.0,
5,7,5,2,2,2,7,3,1,4.7631998313590884e-05,,,0.0
5,7,5,2,2,2,7,3,2,0.04641763502149843,,,0.0
5,7,5,2,2,2,7,3,3,0.00015302299289032817,,,0.0
5,8,5,2,2,2,8,1,1,0.3060034379886929,22.0,,
5,8,5,2,2,2,8,1,2,0.137009043013677,22.0,,
5,8,5,2,2,2,8,1,3,0.21907332001137547,22.0,,
5,8,5,2,2,2,8,2,1,0.0001581899996381253,,0.0,
5,8,5,2,2,2,8,2,2,0.17513093000161462,,0.0,
5,8,5,2,2,2,8,2,3,0.1319470170128625,,0.0,
5,8,5,2,2,2,8,3,1,7.340300362557173e-05,,,0.0
5,8,5,2,2,2,8,3,2,0.08515922297374345,,,0.0
5,8,5,2,2,2,8,3,3,0.00015693297609686852,,,0.0
5,9,5,2,2,2,9,1,1,0.3895331239909865,26.0,,
5,9,5,2,2,2,9,1,2,0.12481663998914883,26.0,,
5,9,5,2,2,2,9,1,3,0.11213388302712701,26.0,,
5,9,5,2,2,2,9,2,1,9.742900147102773e-05,,0.0,
5,9,5,2,2,2,9,2,2,0.04524024997954257,,0.0,
5,9,5,2,2,2,9,2,3,0.05381871500867419,,0.0,
5,9,5,2,2,2,9,3,1,5.161200533621013e-05,,,0.0
5,9,5,2,2,2,9,3,2,0.0348417210043408,,,0.0
5,9,5,2,2,2,9,3,3,9.568300447426736e-05,,,0.0
5,10,5,2,2,2,10,1,1,0.4185342979908455,28.0,,
5,10,5,2,2,2,10,1,2,0.14915213800850324,28.0,,
5,10,5,2,2,2,10,1,3,0.1443529230018612,28.0,,
5,10,5,2,2,2,10,2,1,0.0001250860223080963,,0.0,
5,10,5,2,2,2,10,2,2,0.060647028003586456,,0.0,
5,10,5,2,2,2,10,2,3,0.05486368099809624,,0.0,
5,10,5,2,2,2,10,3,1,5.231201066635549e-05,,,0.0
5,10,5,2,2,2,10,3,2,0.037315290013793856,,,0.0
5,10,5,2,2,2,10,3,3,9.240000508725643e-05,,,0.0
6,3,5,2,2,2,3,1,1,0.12517129399930127,15.0,,
6,3,5,2,2,2,3,1,2,0.09312643797602504,15.0,,
6,3,5,2,2,2,3,1,3,0.0938855419808533,15.0,,
6,3,5,2,2,2,3,2,1,5.657100700773299e-05,,0.0,
6,3,5,2,2,2,3,2,2,0.04752503801137209,,0.0,
6,3,5,2,2,2,3,2,3,0.04017731500789523,,0.0,
6,3,5,2,2,2,3,3,1,4.323199391365051e-05,,,0.0
6,3,5,2,2,2,3,3,2,0.054632505984045565,,,0.0
6,3,5,2,2,2,3,3,3,8.953700307756662e-05,,,0.0
6,4,5,2,2,2,4,1,1,0.21407156600616872,24.0,,
6,4,5,2,2,2,4,1,2,0.1403836339886766,24.0,,
6,4,5,2,2,2,4,1,3,0.1561246720084455,24.0,,
6,4,5,2,2,2,4,2,1,6.43230159766972e-05,,0.0,
6,4,5,2,2,2,4,2,2,0.046997805999126285,,0.0,
6,4,5,2,2,2,4,2,3,0.05306959699373692,,0.0,
6,4,5,2,2,2,4,3,1,4.5535998651757836e-05,,,0.0
6,4,5,2,2,2,4,3,2,0.04303661800804548,,,0.0
6,4,5,2,2,2,4,3,3,0.0001098609936889261,,,0.0
6,5,5,2,2,2,5,1,1,0.2722677930141799,29.0,,
6,5,5,2,2,2,5,1,2,0.16753198800142854,29.0,,
6,5,5,2,2,2,5,1,3,0.1508091909927316,29.0,,
6,5,5,2,2,2,5,2,1,7.102900417521596e-05,,0.0,
6,5,5,2,2,2,5,2,2,0.04575085997930728,,0.0,
6,5,5,2,2,2,5,2,3,0.036599207000108436,,0.0,
6,5,5,2,2,2,5,3,1,5.021601100452244e-05,,,0.0
6,5,5,2,2,2,5,3,2,0.03712392400484532,,,0.0
6,5,5,2,2,2,5,3,3,8.81400192156434e-05,,,0.0
6,6,5,2,2,2,6,1,1,0.34190325398230925,34.0,,
6,6,5,2,2,2,6,1,2,0.1573495479824487,34.0,,
6,6,5,2,2,2,6,1,3,0.15038623299915344,34.0,,
6,6,5,2,2,2,6,2,1,7.682599243707955e-05,,0.0,
6,6,5,2,2,2,6,2,2,0.055201782000949606,,0.0,
6,6,5,2,2,2,6,2,3,0.05499079101718962,,0.0,
6,6,5,2,2,2,6,3,1,4.679302219301462e-05,,,0.0
6,6,5,2,2,2,6,3,2,0.04588118402170949,,,0.0
6,6,5,2,2,2,6,3,3,8.311201236210763e-05,,,0.0
6,7,5,2,2,2,7,1,1,1.222760169999674,39.0,,
6,7,5,2,2,2,7,1,2,0.16509124499862082,39.0,,
6,7,5,2,2,2,7,1,3,0.1669115190161392,39.0,,
6,7,5,2,2,2,7,2,1,0.00012913599493913352,,0.0,
6,7,5,2,2,2,7,2,2,0.06286770099541172,,0.0,
6,7,5,2,2,2,7,2,3,0.070089918008307,,0.0,
6,7,5,2,2,2,7,3,1,4.6025001211091876e-05,,,0.0
6,7,5,2,2,2,7,3,2,0.05839080500300042,,,0.0
6,7,5,2,2,2,7,3,3,0.0001264129823539406,,,0.0
6,8,5,2,2,2,8,1,1,0.44190857000648975,44.0,,
6,8,5,2,2,2,8,1,2,0.17015257399179973,44.0,,
6,8,5,2,2,2,8,1,3,0.1735318430000916,44.0,,
6,8,5,2,2,2,8,2,1,0.00010532099986448884,,0.0,
6,8,5,2,2,2,8,2,2,0.0534572169999592,,0.0,
6,8,5,2,2,2,8,2,3,0.04851098798098974,,0.0,
6,8,5,2,2,2,8,3,1,6.453300011344254e-05,,,0.0
6,8,5,2,2,2,8,3,2,0.04513967898674309,,,0.0
6,8,5,2,2,2,8,3,3,9.051401866599917e-05,,,0.0
6,9,5,2,2,2,9,1,1,0.5414952560095116,55.0,,
6,9,5,2,2,2,9,1,2,0.173560269002337,55.0,,
6,9,5,2,2,2,9,1,3,0.16679802699945867,55.0,,
6,9,5,2,2,2,9,2,1,0.00011900899698957801,,0.0,
6,9,5,2,2,2,9,2,2,0.04249409100157209,,0.0,
6,9,5,2,2,2,9,2,3,0.06007405000855215,,0.0,
6,9,5,2,2,2,9,3,1,4.70730010420084e-05,,,0.0
6,9,5,2,2,2,9,3,2,0.03973703601513989,,,0.0
6,9,5,2,2,2,9,3,3,8.625400369055569e-05,,,0.0
6,10,5,2,2,2,10,1,1,0.6417905520065688,64.0,,
6,10,5,2,2,2,10,1,2,0.1715005100122653,64.0,,
6,10,5,2,2,2,10,1,3,0.17683959600981325,64.0,,
6,10,5,2,2,2,10,2,1,0.00011426099808886647,,0.0,
6,10,5,2,2,2,10,2,2,0.05244849901646376,,0.0,
6,10,5,2,2,2,10,2,3,0.04626195799210109,,0.0,
6,10,5,2,2,2,10,3,1,5.5244978284463286e-05,,,0.0
6,10,5,2,2,2,10,3,2,0.03976441401755437,,,0.0
6,10,5,2,2,2,10,3,3,9.302800754085183e-05,,,0.0
7,3,5,2,2,2,3,1,1,0.1278711489867419,12.0,,
7,3,5,2,2,2,3,1,2,0.09269768101512454,12.0,,
7,3,5,2,2,2,3,1,3,0.11147269498906098,12.0,,
7,3,5,2,2,2,3,2,1,6.320601096376777e-05,,0.0,
7,3,5,2,2,2,3,2,2,0.0483808729914017,,0.0,
7,3,5,2,2,2,3,2,3,0.03855699798441492,,0.0,
7,3,5,2,2,2,3,3,1,4.225401789881289e-05,,,0.0
7,3,5,2,2,2,3,3,2,0.03992309398017824,,,0.0
7,3,5,2,2,2,3,3,3,8.073600474745035e-05,,,0.0
7,4,5,2,2,2,4,1,1,0.22414505400229245,18.0,,
7,4,5,2,2,2,4,1,2,0.14004113199189305,18.0,,
7,4,5,2,2,2,4,1,3,0.14321919000940397,18.0,,
7,4,5,2,2,2,4,2,1,9.47740045376122e-05,,0.0,
7,4,5,2,2,2,4,2,2,0.04472035099752247,,0.0,
7,4,5,2,2,2,4,2,3,0.04887597699416801,,0.0,
7,4,5,2,2,2,4,3,1,4.7142006224021316e-05,,,0.0
7,4,5,2,2,2,4,3,2,0.04038760799448937,,,0.0
7,4,5,2,2,2,4,3,3,0.00010979099897667766,,,0.0
7,5,5,2,2,2,5,1,1,0.2944764830172062,22.0,,
7,5,5,2,2,2,5,1,2,0.15705425999476574,22.0,,
7,5,5,2,2,2,5,1,3,0.14754976800759323,22.0,,
7,5,5,2,2,2,5,2,1,7.109798025339842e-05,,0.0,
7,5,5,2,2,2,5,2,2,0.04384398300317116,,0.0,
7,5,5,2,2,2,5,2,3,0.049246415990637615,,0.0,
7,5,5,2,2,2,5,3,1,4.518800415098667e-05,,,0.0
7,5,5,2,2,2,5,3,2,0.0332851679995656,,,0.0
7,5,5,2,2,2,5,3,3,0.00011279300088062882,,,0.0
7,6,5,2,2,2,6,1,1,0.3480013069929555,28.0,,
7,6,5,2,2,2,6,1,2,0.1325329150131438,28.0,,
7,6,5,2,2,2,6,1,3,0.14986095600761473,28.0,,
7,6,5,2,2,2,6,2,1,7.822300540283322e-05,,0.0,
7,6,5,2,2,2,6,2,2,0.0369234110112302,,0.0,
7,6,5,2,2,2,6,2,3,0.045632757974090055,,0.0,
7,6,5,2,2,2,6,3,1,6.02040090598166e-05,,,0.0
7,6,5,2,2,2,6,3,2,0.04916176799451932,,,0.0
7,6,5,2,2,2,6,3,3,8.988499757833779e-05,,,0.0
7,7,5,2,2,2,7,1,1,0.4456789509858936,36.0,,
7,7,5,2,2,2,7,1,2,0.162433924007928,36.0,,
7,7,5,2,2,2,7,1,3,0.20263149400125258,36.0,,
7,7,5,2,2,2,7,2,1,9.652000153437257e-05,,0.0,
7,7,5,2,2,2,7,2,2,0.05029871498118155,,0.0,
7,7,5,2,2,2,7,2,3,0.04287277002003975,,0.0,
7,7,5,2,2,2,7,3,1,4.986600833944976e-05,,,0.0
7,7,5,2,2,2,7,3,2,0.03782052101450972,,,0.0
7,7,5,2,2,2,7,3,3,8.94659897312522e-05,,,0.0
7,8,5,2,2,2,8,1,1,0.4961254500085488,40.0,,
7,8,5,2,2,2,8,1,2,0.14931619499111548,40.0,,
7,8,5,2,2,2,8,1,3,0.16515047100256197,40.0,,
7,8,5,2,2,2,8,2,1,9.812699863687158e-05,,0.0,
7,8,5,2,2,2,8,2,2,0.04047120799077675,,0.0,
7,8,5,2,2,2,8,2,3,0.06184075502096675,,0.0,
7,8,5,2,2,2,8,3,1,4.881899803876877e-05,,,0.0
7,8,5,2,2,2,8,3,2,0.047927045001415536,,,0.0
7,8,5,2,2,2,8,3,3,9.044399484992027e-05,,,0.0
7,9,5,2,2,2,9,1,1,0.53029878999223,44.0,,
7,9,5,2,2,2,9,1,2,0.4286624020023737,44.0,,
7,9,5,2,2,2,9,1,3,0.27651798498118296,44.0,,
7,9,5,2,2,2,9,2,1,0.00019869901007041335,,0.0,
7,9,5,2,2,2,9,2,2,0.0758988969901111,,0.0,
7,9,5,2,2,2,9,2,3,0.06609716199454851,,0.0,
7,9,5,2,2,2,9,3,1,7.99679837655276e-05,,,0.0
7,9,5,2,2,2,9,3,2,0.05847384699154645,,,0.0
7,9,5,2,2,2,9,3,3,8.450800669379532e-05,,,0.0
7,10,5,2,2,2,10,1,1,0.5854730550199747,48.0,,
7,10,5,2,2,2,10,1,2,0.16443564498331398,48.0,,
7,10,5,2,2,2,10,1,3,0.1734266630082857,48.0,,
7,10,5,2,2,2,10,2,1,0.00012082600733265281,,0.0,
7,10,5,2,2,2,10,2,2,0.05190659998334013,,0.0,
7,10,5,2,2,2,10,2,3,0.04753404698567465,,0.0,
7,10,5,2,2,2,10,3,1,5.552399670705199e-05,,,0.0
7,10,5,2,2,2,10,3,2,0.03635909300646745,,,0.0
7,10,5,2,2,2,10,3,3,9.275000775232911e-05,,,0.0
8,3,5,2,2,2,3,1,1,0.2163190580031369,7.0,,
8,3,5,2,2,2,3,1,2,0.1453955839970149,7.0,,
8,3,5,2,2,2,3,1,3,0.1501399720145855,7.0,,
8,3,5,2,2,2,3,2,1,0.0001051809813361615,,0.0,
8,3,5,2,2,2,3,2,2,0.05314293099218048,,0.0,
8,3,5,2,2,2,3,2,3,0.04378811101196334,,0.0,
8,3,5,2,2,2,3,3,1,4.351101233623922e-05,,,0.0
8,3,5,2,2,2,3,3,2,0.03688304199022241,,,0.0
8,3,5,2,2,2,3,3,3,8.737199823372066e-05,,,0.0
8,4,5,2,2,2,4,1,1,0.21573497497593053,9.0,,
8,4,5,2,2,2,4,1,2,0.2106363519851584,9.0,,
8,4,5,2,2,2,4,1,3,0.1404520790092647,9.0,,
8,4,5,2,2,2,4,2,1,7.563800318166614e-05,,0.0,
8,4,5,2,2,2,4,2,2,0.05171341900131665,,0.0,
8,4,5,2,2,2,4,2,3,0.043368015001760796,,0.0,
8,4,5,2,2,2,4,3,1,4.90289821755141e-05,,,0.0
8,4,5,2,2,2,4,3,2,0.053363209997769445,,,0.0
8,4,5,2,2,2,4,3,3,9.009501081891358e-05,,,0.0
8,5,5,2,2,2,5,1,1,0.2122991340002045,10.0,,
8,5,5,2,2,2,5,1,2,0.09880788598093204,10.0,,
8,5,5,2,2,2,5,1,3,0.09143390398821793,10.0,,
8,5,5,2,2,2,5,2,1,6.551100523211062e-05,,0.0,
8,5,5,2,2,2,5,2,2,0.043307812011335045,,0.0,
8,5,5,2,2,2,5,2,3,0.047022668994031847,,0.0,
8,5,5,2,2,2,5,3,1,8.276200969703496e-05,,,0.0
8,5,5,2,2,2,5,3,2,0.0334786289895419,,,0.0
8,5,5,2,2,2,5,3,3,8.422802784480155e-05,,,0.0
8,6,5,2,2,2,6,1,1,0.28478782100137323,13.0,,
8,6,5,2,2,2,6,1,2,0.151995864987839,13.0,,
8,6,5,2,2,2,6,1,3,0.15114827099023387,13.0,,
8,6,5,2,2,2,6,2,1,0.00013388501247391105,,0.0,
8,6,5,2,2,2,6,2,2,0.048612396989483386,,0.0,
8,6,5,2,2,2,6,2,3,0.04257901801611297,,0.0,
8,6,5,2,2,2,6,3,1,4.2953004594892263e-05,,,0.0
8,6,5,2,2,2,6,3,2,0.040155524999136105,,,0.0
8,6,5,2,2,2,6,3,3,0.00011900902609340847,,,0.0
8,7,5,2,2,2,7,1,1,0.3646903699846007,15.0,,
8,7,5,2,2,2,7,1,2,0.16648541699396446,15.0,,
8,7,5,2,2,2,7,1,3,0.15942397498292848,15.0,,
8,7,5,2,2,2,7,2,1,8.359999628737569e-05,,0.0,
8,7,5,2,2,2,7,2,2,0.046441799990134314,,0.0,
8,7,5,2,2,2,7,2,3,0.03819389300770126,,0.0,
8,7,5,2,2,2,7,3,1,4.749197978526354e-05,,,0.0
8,7,5,2,2,2,7,3,2,0.043912007997278124,,,0.0
8,7,5,2,2,2,7,3,3,8.779100608080626e-05,,,0.0
8,8,5,2,2,2,8,1,1,0.42376443301327527,18.0,,
8,8,5,2,2,2,8,1,2,0.15231077899807133,18.0,,
8,8,5,2,2,2,8,1,3,0.16867975998320617,18.0,,
8,8,5,2,2,2,8,2,1,8.751099812798202e-05,,0.0,
8,8,5,2,2,2,8,2,2,0.047385285986820236,,0.0,
8,8,5,2,2,2,8,2,3,0.04764502600301057,,0.0,
8,8,5,2,2,2,8,3,1,4.518800415098667e-05,,,0.0
8,8,5,2,2,2,8,3,2,0.046048453979892656,,,0.0
8,8,5,2,2,2,8,3,3,9.854600648395717e-05,,,0.0
8,9,5,2,2,2,9,1,1,0.4864582289883401,20.0,,
8,9,5,2,2,2,9,1,2,0.16824234399246052,20.0,,
8,9,5,2,2,2,9,1,3,0.1656183369923383,20.0,,
8,9,5,2,2,2,9,2,1,0.0001424069923814386,,0.0,
8,9,5,2,2,2,9,2,2,0.05931194199365564,,0.0,
8,9,5,2,2,2,9,2,3,0.03875178500311449,,0.0,
8,9,5,2,2,2,9,3,1,5.405698902904987e-05,,,0.0
8,9,5,2,2,2,9,3,2,0.04307733598398045,,,0.0
8,9,5,2,2,2,9,3,3,0.00010434299474582076,,,0.0
8,10,5,2,2,2,10,1,1,0.5306704860122409,23.0,,
8,10,5,2,2,2,10,1,2,0.17322831298224628,23.0,,
8,10,5,2,2,2,10,1,3,0.16095796899753623,23.0,,
8,10,5,2,2,2,10,2,1,0.00010874299914576113,,0.0,
8,10,5,2,2,2,10,2,2,0.049870448012370616,,0.0,
8,10,5,2,2,2,10,2,3,0.042547379998723045,,0.0,
8,10,5,2,2,2,10,3,1,5.1543000154197216e-05,,,0.0
8,10,5,2,2,2,10,3,2,0.039447893999749795,,,0.0
8,10,5,2,2,2,10,3,3,9.330798638984561e-05,,,0.0
9,3,5,2,2,2,3,1,1,0.1001792200258933,6.0,,
9,3,5,2,2,2,3,1,2,0.07374150000396185,6.0,,
9,3,5,2,2,2,3,1,3,0.06874840799719095,6.0,,
9,3,5,2,2,2,3,2,1,8.073600474745035e-05,,0.0,
9,3,5,2,2,2,3,2,2,0.04758258699439466,,0.0,
9,3,5,2,2,2,3,2,3,0.0426258810039144,,0.0,
9,3,5,2,2,2,3,3,1,4.365100176073611e-05,,,0.0
9,3,5,2,2,2,3,3,2,0.038179715018486604,,,0.0
9,3,5,2,2,2,3,3,3,8.052701014094055e-05,,,0.0
9,4,5,2,2,2,4,1,1,0.17673343801288866,10.0,,
9,4,5,2,2,2,4,1,2,0.12437126200529747,10.0,,
9,4,5,2,2,2,4,1,3,0.11363547001383267,10.0,,
9,4,5,2,2,2,4,2,1,6.781599950045347e-05,,0.0,
9,4,5,2,2,2,4,2,2,0.039441258006263524,,0.0,
9,4,5,2,2,2,4,2,3,0.04704166599549353,,0.0,
9,4,5,2,2,2,4,3,1,4.6863016905263066e-05,,,0.0
9,4,5,2,2,2,4,3,2,0.040940472012152895,,,0.0
9,4,5,2,2,2,4,3,3,0.00012012699153274298,,,0.0
9,5,5,2,2,2,5,1,1,0.2058545989857521,13.0,,
9,5,5,2,2,2,5,1,2,0.12616681202780455,13.0,,
9,5,5,2,2,2,5,1,3,0.12385995400836691,13.0,,
9,5,5,2,2,2,5,2,1,8.513699867762625e-05,,0.0,
9,5,5,2,2,2,5,2,2,0.04060460499022156,,0.0,
9,5,5,2,2,2,5,2,3,0.05641632198239677,,0.0,
9,5,5,2,2,2,5,3,1,4.7003006329759955e-05,,,0.0
9,5,5,2,2,2,5,3,2,0.038614827004494146,,,0.0
9,5,5,2,2,2,5,3,3,0.00014743499923497438,,,0.0
9,6,5,2,2,2,6,1,1,0.2628920199931599,15.0,,
9,6,5,2,2,2,6,1,2,0.11185654302244075,15.0,,
9,6,5,2,2,2,6,1,3,0.1252418349904474,15.0,,
9,6,5,2,2,2,6,2,1,8.234300184994936e-05,,0.0,
9,6,5,2,2,2,6,2,2,0.044880917004775256,,0.0,
9,6,5,2,2,2,6,2,3,0.04423886598669924,,0.0,
9,6,5,2,2,2,6,3,1,6.620999192818999e-05,,,0.0
9,6,5,2,2,2,6,3,2,0.052882352989399806,,,0.0
9,6,5,2,2,2,6,3,3,8.813999011181295e-05,,,0.0
9,7,5,2,2,2,7,1,1,0.3712347079999745,18.0,,
9,7,5,2,2,2,7,1,2,0.1328173789952416,18.0,,
9,7,5,2,2,2,7,1,3,0.12728957997751422,18.0,,
9,7,5,2,2,2,7,2,1,8.911802433431149e-05,,0.0,
9,7,5,2,2,2,7,2,2,0.04583166600787081,,0.0,
9,7,5,2,2,2,7,2,3,0.03927706097601913,,0.0,
9,7,5,2,2,2,7,3,1,4.630500916391611e-05,,,0.0
9,7,5,2,2,2,7,3,2,0.03708439497859217,,,0.0
9,7,5,2,2,2,7,3,3,7.801299216225743e-05,,,0.0
9,8,5,2,2,2,8,1,1,0.3104512100107968,19.0,,
9,8,5,2,2,2,8,1,2,0.14143991301534697,19.0,,
9,8,5,2,2,2,8,1,3,0.1250762410054449,19.0,,
9,8,5,2,2,2,8,2,1,0.00010036199819296598,,0.0,
9,8,5,2,2,2,8,2,2,0.05155879200901836,,0.0,
9,8,5,2,2,2,8,2,3,0.05472476698923856,,0.0,
9,8,5,2,2,2,8,3,1,4.721299046650529e-05,,,0.0
9,8,5,2,2,2,8,3,2,0.04092978598782793,,,0.0
9,8,5,2,2,2,8,3,3,9.079399751499295e-05,,,0.0
9,9,5,2,2,2,9,1,1,0.3631382870080415,22.0,,
9,9,5,2,2,2,9,1,2,0.1298715429729782,22.0,,
9,9,5,2,2,2,9,1,3,0.13487120100762695,22.0,,
9,9,5,2,2,2,9,2,1,0.00010629798634909093,,0.0,
9,9,5,2,2,2,9,2,2,0.04824894299963489,,0.0,
9,9,5,2,2,2,9,2,3,0.041367411002283916,,0.0,
9,9,5,2,2,2,9,3,1,6.453300011344254e-05,,,0.0
9,9,5,2,2,2,9,3,2,0.05496620698249899,,,0.0
9,9,5,2,2,2,9,3,3,0.00011405098484829068,,,0.0
9,10,5,2,2,2,10,1,1,0.4085539790103212,24.0,,
9,10,5,2,2,2,10,1,2,0.1514642330002971,24.0,,
9,10,5,2,2,2,10,1,3,0.1373592970194295,24.0,,
9,10,5,2,2,2,10,2,1,0.00010909201228059828,,0.0,
9,10,5,2,2,2,10,2,2,0.051209514000220224,,0.0,
9,10,5,2,2,2,10,2,3,0.05098036499111913,,0.0,
9,10,5,2,2,2,10,3,1,8.625400369055569e-05,,,0.0
9,10,5,2,2,2,10,3,2,0.06125150399748236,,,0.0
9,10,5,2,2,2,10,3,3,0.00010930097778327763,,,0.0
10,3,5,2,2,2,3,1,1,0.18371156000648625,9.0,,
10,3,5,2,2,2,3,1,2,0.1668843499792274,9.0,,
10,3,5,2,2,2,3,1,3,0.15393305197358131,9.0,,
10,3,5,2,2,2,3,2,1,7.640599505975842e-05,,0.0,
10,3,5,2,2,2,3,2,2,0.043147386983036995,,0.0,
10,3,5,2,2,2,3,2,3,0.04287123400717974,,0.0,
10,3,5,2,2,2,3,3,1,4.6653993194922805e-05,,,0.0
10,3,5,2,2,2,3,3,2,0.03464155600522645,,,0.0
10,3,5,2,2,2,3,3,3,8.359999628737569e-05,,,0.0
10,4,5,2,2,2,4,1,1,0.23963948202435859,12.0,,
10,4,5,2,2,2,4,1,2,0.17231632600305602,12.0,,
10,4,5,2,2,2,4,1,3,0.2698283070058096,12.0,,
10,4,5,2,2,2,4,2,1,0.00012236202019266784,,0.0,
10,4,5,2,2,2,4,2,2,0.11951198600581847,,0.0,
10,4,5,2,2,2,4,2,3,0.11693700699834153,,0.0,
10,4,5,2,2,2,4,3,1,7.200700929388404e-05,,,0.0
10,4,5,2,2,2,4,3,2,0.12644100899342448,,,0.0
10,4,5,2,2,2,4,3,3,0.00013870501425117254,,,0.0
10,5,5,2,2,2,5,1,1,0.40107753899064846,15.0,,
10,5,5,2,2,2,5,1,2,0.2679400080232881,15.0,,
10,5,5,2,2,2,5,1,3,0.17776115197921172,15.0,,
10,5,5,2,2,2,5,2,1,7.10989988874644e-05,,0.0,
10,5,5,2,2,2,5,2,2,0.04448589400271885,,0.0,
10,5,5,2,2,2,5,2,3,0.0408383629983291,,0.0,
10,5,5,2,2,2,5,3,1,5.929498001933098e-05,,,0.0
10,5,5,2,2,2,5,3,2,0.047209495009155944,,,0.0
10,5,5,2,2,2,5,3,3,9.603099897503853e-05,,,0.0
10,6,5,2,2,2,6,1,1,0.416294069000287,18.0,,
10,6,5,2,2,2,6,1,2,0.17803465100587346,18.0,,
10,6,5,2,2,2,6,1,3,0.16102054601651616,18.0,,
10,6,5,2,2,2,6,2,1,7.528901915065944e-05,,0.0,
10,6,5,2,2,2,6,2,2,0.04382428800454363,,0.0,
10,6,5,2,2,2,6,2,3,0.03947841399349272,,0.0,
10,6,5,2,2,2,6,3,1,5.3288997150957584e-05,,,0.0
10,6,5,2,2,2,6,3,2,0.04295022500446066,,,0.0
10,6,5,2,2,2,6,3,3,8.513699867762625e-05,,,0.0
10,7,5,2,2,2,7,1,1,0.514071655983571,21.0,,
10,7,5,2,2,2,7,1,2,0.1853404680150561,21.0,,
10,7,5,2,2,2,7,1,3,0.19124855200061575,21.0,,
10,7,5,2,2,2,7,2,1,0.00015204399824142456,,0.0,
10,7,5,2,2,2,7,2,2,0.05286580100073479,,0.0,
10,7,5,2,2,2,7,2,3,0.044519906979985535,,0.0,
10,7,5,2,2,2,7,3,1,5.7060999097302556e-05,,,0.0
10,7,5,2,2,2,7,3,2,0.03666702299960889,,,0.0
10,7,5,2,2,2,7,3,3,8.54159879963845e-05,,,0.0
10,8,5,2,2,2,8,1,1,0.48857288298313506,24.0,,
10,8,5,2,2,2,8,1,2,0.21402218801085837,24.0,,
10,8,5,2,2,2,8,1,3,0.18774657102767378,24.0,,
10,8,5,2,2,2,8,2,1,9.274901822209358e-05,,0.0,
10,8,5,2,2,2,8,2,2,0.046354986989172176,,0.0,
10,8,5,2,2,2,8,2,3,0.04434383800253272,,0.0,
10,8,5,2,2,2,8,3,1,4.784099292010069e-05,,,0.0
10,8,5,2,2,2,8,3,2,0.03315142198698595,,,0.0
10,8,5,2,2,2,8,3,3,8.688302477821708e-05,,,0.0
10,9,5,2,2,2,9,1,1,0.5933814629970584,27.0,,
10,9,5,2,2,2,9,1,2,0.19161291400087066,27.0,,
10,9,5,2,2,2,9,1,3,0.19318329499219544,27.0,,
10,9,5,2,2,2,9,2,1,9.819699334912002e-05,,0.0,
10,9,5,2,2,2,9,2,2,0.04559930399409495,,0.0,
10,9,5,2,2,2,9,2,3,0.04042993200710043,,0.0,
10,9,5,2,2,2,9,3,1,4.8260000767186284e-05,,,0.0
10,9,5,2,2,2,9,3,2,0.03827574700699188,,,0.0
10,9,5,2,2,2,9,3,3,0.00010532099986448884,,,0.0
10,10,5,2,2,2,10,1,1,0.7303831720200833,32.0,,
10,10,5,2,2,2,10,1,2,0.20261103098164313,32.0,,
10,10,5,2,2,2,10,1,3,0.22516599297523499,32.0,,
10,10,5,2,2,2,10,2,1,0.00017523200949653983,,0.0,
10,10,5,2,2,2,10,2,2,0.06719408900244161,,0.0,
10,10,5,2,2,2,10,2,3,0.05053254298400134,,0.0,
10,10,5,2,2,2,10,3,1,7.242499850690365e-05,,,0.0
10,10,5,2,2,2,10,3,2,0.05291783300344832,,,0.0
10,10,5,2,2,2,10,3,3,9.44250205066055e-05,,,0.0
