,i_sample,N_LOCAL_NETWORKS,N_VAR_NETWORK,V_TOPOLOGY,N_OUTPUT_VARIABLES,N_CLAUSES_FUNCTION,n_time_find_attractors,n_time_find_pairs,n_time_find_fields,n_local_attractors,n_pair_attractors,n_attractor_fields
0,1,3,5,4,2,2,0.07052493095397949,2.4318695068359375e-05,3.314018249511719e-05,9,10,6
1,2,3,5,4,2,2,0.05357670783996582,2.1219253540039062e-05,2.7179718017578125e-05,8,8,4
2,3,3,5,4,2,2,0.07077193260192871,2.765655517578125e-05,2.9802322387695312e-05,10,9,5
3,4,3,5,4,2,2,0.11726164817810059,2.86102294921875e-05,0.00010132789611816406,20,32,28
4,5,3,5,4,2,2,0.08521652221679688,2.5033950805664062e-05,0.0002396106719970703,18,42,33
5,6,3,5,4,2,2,0.09055304527282715,2.7179718017578125e-05,0.0001087188720703125,15,24,16
6,7,3,5,4,2,2,0.08524966239929199,2.3603439331054688e-05,0.0002465248107910156,17,36,40
7,8,3,5,4,2,2,0.06443977355957031,2.3365020751953125e-05,4.458427429199219e-05,11,13,9
8,9,3,5,4,2,2,0.06201171875,4.124641418457031e-05,5.745887756347656e-05,9,9,7
9,10,3,5,4,2,2,0.08126473426818848,2.47955322265625e-05,0.00010323524475097656,13,22,20
10,11,3,5,4,2,2,0.1619725227355957,2.86102294921875e-05,0.0005249977111816406,29,68,90
11,12,3,5,4,2,2,0.06264925003051758,2.5033950805664062e-05,2.956390380859375e-05,9,9,6
12,13,3,5,4,2,2,0.0781409740447998,2.6941299438476562e-05,9.322166442871094e-05,14,24,18
13,14,3,5,4,2,2,0.09096956253051758,4.00543212890625e-05,0.0001556873321533203,14,22,16
14,15,3,5,4,2,2,0.10167503356933594,2.9087066650390625e-05,0.0001010894775390625,16,20,19
15,16,3,5,4,2,2,0.08754682540893555,3.647804260253906e-05,0.00011181831359863281,12,18,12
16,17,3,5,4,2,2,0.06411862373352051,2.2411346435546875e-05,3.266334533691406e-05,10,10,6
17,18,3,5,4,2,2,0.09791922569274902,3.0994415283203125e-05,0.00020551681518554688,22,45,54
18,19,3,5,4,2,2,0.07272458076477051,2.3603439331054688e-05,2.86102294921875e-05,12,9,9
19,20,3,5,4,2,2,0.08013653755187988,2.2649765014648438e-05,0.00011086463928222656,17,24,28
20,21,3,5,4,2,2,0.08175373077392578,2.8848648071289062e-05,9.036064147949219e-05,15,25,20
21,22,3,5,4,2,2,0.08014893531799316,2.5272369384765625e-05,0.00011682510375976562,15,25,15
22,23,3,5,4,2,2,0.12044358253479004,3.075599670410156e-05,0.00021314620971679688,20,39,30
23,24,3,5,4,2,2,0.06653094291687012,2.3365020751953125e-05,4.9591064453125e-05,13,14,9
24,25,3,5,4,2,2,0.08075332641601562,2.5272369384765625e-05,0.00016355514526367188,17,32,22
25,26,3,5,4,2,2,0.06543111801147461,2.6702880859375e-05,4.100799560546875e-05,10,12,8
26,27,3,5,4,2,2,0.07792139053344727,2.47955322265625e-05,7.915496826171875e-05,14,20,15
27,28,3,5,4,2,2,0.0649404525756836,2.288818359375e-05,2.7418136596679688e-05,9,8,5
28,29,3,5,4,2,2,0.09013891220092773,3.2901763916015625e-05,9.632110595703125e-05,16,24,27
29,30,3,5,4,2,2,0.09279179573059082,2.4080276489257812e-05,0.00026106834411621094,18,32,40
30,31,3,5,4,2,2,0.06813526153564453,2.4557113647460938e-05,3.647804260253906e-05,11,11,9
31,32,3,5,4,2,2,0.11122965812683105,2.86102294921875e-05,0.00044918060302734375,23,56,42
32,33,3,5,4,2,2,0.10057473182678223,2.9087066650390625e-05,0.00019073486328125,19,32,30
33,34,3,5,4,2,2,0.09519457817077637,4.5299530029296875e-05,0.00011706352233886719,12,18,12
34,35,3,5,4,2,2,0.10834455490112305,4.029273986816406e-05,0.00025010108947753906,16,29,28
35,36,3,5,4,2,2,0.08822154998779297,2.5987625122070312e-05,6.365776062011719e-05,14,20,16
36,37,3,5,4,2,2,0.07808566093444824,2.3126602172851562e-05,5.888938903808594e-05,12,16,15
37,38,3,5,4,2,2,0.11535859107971191,2.4318695068359375e-05,0.00016951560974121094,20,30,40
38,39,3,5,4,2,2,0.09113121032714844,2.3126602172851562e-05,0.00013637542724609375,16,27,30
39,40,3,5,4,2,2,0.08078193664550781,4.100799560546875e-05,0.00011682510375976562,14,17,11
40,41,3,5,4,2,2,0.10124969482421875,2.765655517578125e-05,0.0002620220184326172,19,38,34
41,42,3,5,4,2,2,0.07776451110839844,2.7418136596679688e-05,6.079673767089844e-05,13,15,12
42,43,3,5,4,2,2,0.09494495391845703,4.029273986816406e-05,8.416175842285156e-05,11,13,7
43,44,3,5,4,2,2,0.10321617126464844,4.2438507080078125e-05,6.365776062011719e-05,13,15,19
44,45,3,5,4,2,2,0.09150958061218262,2.7418136596679688e-05,4.839897155761719e-05,14,14,12
45,46,3,5,4,2,2,0.09055876731872559,2.7418136596679688e-05,8.7738037109375e-05,15,20,12
46,47,3,5,4,2,2,0.08124375343322754,2.5987625122070312e-05,7.677078247070312e-05,12,17,12
47,48,3,5,4,2,2,0.07441902160644531,4.315376281738281e-05,5.745887756347656e-05,11,11,8
48,49,3,5,4,2,2,0.09616732597351074,2.3365020751953125e-05,0.0002548694610595703,19,30,48
49,50,3,5,4,2,2,0.1131277084350586,3.719329833984375e-05,0.0003399848937988281,19,44,56
50,51,3,5,4,2,2,0.10138392448425293,2.4080276489257812e-05,0.00017595291137695312,19,31,36
51,52,3,5,4,2,2,0.07335853576660156,2.7179718017578125e-05,3.361701965332031e-05,14,12,10
52,53,3,5,4,2,2,0.11597490310668945,2.7418136596679688e-05,0.00020194053649902344,20,34,56
53,54,3,5,4,2,2,0.08242297172546387,2.6464462280273438e-05,4.1961669921875e-05,10,12,8
54,55,3,5,4,2,2,0.10148382186889648,2.6464462280273438e-05,0.00010800361633300781,14,26,19
55,56,3,5,4,2,2,0.09710550308227539,3.2901763916015625e-05,0.00032019615173339844,17,42,50
56,57,3,5,4,2,2,0.07603836059570312,2.384185791015625e-05,5.245208740234375e-05,13,15,17
57,58,3,5,4,2,2,0.05501818656921387,2.4318695068359375e-05,3.337860107421875e-05,9,10,6
58,59,3,5,4,2,2,0.07692885398864746,2.6702880859375e-05,5.91278076171875e-05,13,15,14
59,60,3,5,4,2,2,0.07649517059326172,2.384185791015625e-05,9.417533874511719e-05,14,22,12
60,61,3,5,4,2,2,0.0604250431060791,2.2411346435546875e-05,3.170967102050781e-05,10,10,5
61,62,3,5,4,2,2,0.11553812026977539,2.86102294921875e-05,0.0001914501190185547,22,32,60
62,63,3,5,4,2,2,0.08739924430847168,2.5510787963867188e-05,0.0001614093780517578,16,30,28
63,64,3,5,4,2,2,0.1190025806427002,3.9577484130859375e-05,0.00030422210693359375,30,39,90
64,65,3,5,4,2,2,0.07801699638366699,2.4557113647460938e-05,8.082389831542969e-05,13,22,16
65,66,3,5,4,2,2,0.07664799690246582,2.4557113647460938e-05,6.079673767089844e-05,14,16,8
66,67,3,5,4,2,2,0.08610963821411133,2.7179718017578125e-05,0.00014662742614746094,15,24,19
67,68,3,5,4,2,2,0.09198689460754395,2.3603439331054688e-05,0.00011563301086425781,19,25,35
68,69,3,5,4,2,2,0.0641934871673584,2.6941299438476562e-05,4.00543212890625e-05,10,11,6
69,70,3,5,4,2,2,0.07754802703857422,3.719329833984375e-05,8.7738037109375e-05,13,13,11
70,71,3,5,4,2,2,0.09270429611206055,2.47955322265625e-05,3.933906555175781e-05,11,11,7
71,72,3,5,4,2,2,0.06641578674316406,2.6464462280273438e-05,7.009506225585938e-05,11,17,17
72,73,3,5,4,2,2,0.07118868827819824,2.4318695068359375e-05,2.9087066650390625e-05,9,8,4
73,74,3,5,4,2,2,0.07662200927734375,2.5033950805664062e-05,0.0001277923583984375,14,26,27
74,75,3,5,4,2,2,0.0879061222076416,2.6226043701171875e-05,0.000171661376953125,15,28,32
75,76,3,5,4,2,2,0.07340073585510254,2.3126602172851562e-05,7.343292236328125e-05,13,20,14
76,77,3,5,4,2,2,0.07012629508972168,3.6716461181640625e-05,0.00010371208190917969,14,17,15
77,78,3,5,4,2,2,0.06786656379699707,2.5987625122070312e-05,4.1961669921875e-05,12,14,11
78,79,3,5,4,2,2,0.07459259033203125,3.266334533691406e-05,4.1961669921875e-05,11,12,12
79,80,3,5,4,2,2,0.11579608917236328,2.8133392333984375e-05,0.0005929470062255859,23,63,94
80,81,3,5,4,2,2,0.06860184669494629,2.574920654296875e-05,7.033348083496094e-05,12,18,11
81,82,3,5,4,2,2,0.06395173072814941,2.2411346435546875e-05,6.127357482910156e-05,12,16,16
82,83,3,5,4,2,2,0.10583829879760742,2.5987625122070312e-05,0.00021076202392578125,17,33,41
83,84,3,5,4,2,2,0.11087751388549805,2.574920654296875e-05,0.00021386146545410156,25,43,75
84,85,3,5,4,2,2,0.11015939712524414,2.8133392333984375e-05,0.00023746490478515625,20,53,46
85,86,3,5,4,2,2,0.05662655830383301,2.3126602172851562e-05,2.8133392333984375e-05,9,8,5
86,87,3,5,4,2,2,0.07557320594787598,4.172325134277344e-05,0.00018024444580078125,15,27,21
87,88,3,5,4,2,2,0.0970149040222168,2.7418136596679688e-05,2.6464462280273438e-05,8,6,3
88,89,3,5,4,2,2,0.14728260040283203,2.8848648071289062e-05,0.00016880035400390625,14,27,38
89,90,3,5,4,2,2,0.06984663009643555,2.3603439331054688e-05,8.392333984375e-05,13,21,14
90,91,3,5,4,2,2,0.08282899856567383,2.6702880859375e-05,0.00032329559326171875,18,42,55
91,92,3,5,4,2,2,0.0660250186920166,2.5987625122070312e-05,3.743171691894531e-05,11,12,9
92,93,3,5,4,2,2,0.09904336929321289,3.886222839355469e-05,0.00011587142944335938,14,20,16
93,94,3,5,4,2,2,0.09661531448364258,3.7670135498046875e-05,7.963180541992188e-05,15,18,16
94,95,3,5,4,2,2,0.07551860809326172,2.4557113647460938e-05,2.956390380859375e-05,9,9,6
95,96,3,5,4,2,2,0.06262540817260742,2.47955322265625e-05,3.933906555175781e-05,10,11,10
96,97,3,5,4,2,2,0.11299824714660645,3.075599670410156e-05,0.0003757476806640625,21,45,34
97,98,3,5,4,2,2,0.06408214569091797,2.47955322265625e-05,5.125999450683594e-05,12,16,12
98,99,3,5,4,2,2,0.12012052536010742,2.9802322387695312e-05,0.0002472400665283203,24,37,42
99,100,3,5,4,2,2,0.08351397514343262,2.384185791015625e-05,4.124641418457031e-05,13,15,12
100,1,4,5,4,2,2,0.09323954582214355,5.602836608886719e-05,0.00020456314086914062,14,19,15
101,2,4,5,4,2,2,0.10687899589538574,2.9087066650390625e-05,0.0002491474151611328,18,32,40
102,3,4,5,4,2,2,0.07762503623962402,3.0994415283203125e-05,6.0558319091796875e-05,13,15,7
103,4,4,5,4,2,2,0.10890674591064453,3.0040740966796875e-05,0.0002067089080810547,19,29,34
104,5,4,5,4,2,2,0.11438274383544922,3.314018249511719e-05,0.0013418197631835938,27,66,187
105,6,4,5,4,2,2,0.11407089233398438,3.218650817871094e-05,0.0002942085266113281,22,36,65
106,7,4,5,4,2,2,0.12042880058288574,3.337860107421875e-05,0.0003609657287597656,25,42,38
107,8,4,5,4,2,2,0.11165595054626465,3.0994415283203125e-05,0.00046753883361816406,20,39,48
108,9,4,5,4,2,2,0.16702818870544434,3.9577484130859375e-05,0.0008664131164550781,36,86,132
109,10,4,5,4,2,2,0.1484203338623047,5.364418029785156e-05,0.0011560916900634766,25,50,78
110,11,4,5,4,2,2,0.12125515937805176,3.314018249511719e-05,0.00017642974853515625,22,29,33
111,12,4,5,4,2,2,0.1105034351348877,5.14984130859375e-05,0.0007398128509521484,22,40,80
112,13,4,5,4,2,2,0.12186956405639648,3.266334533691406e-05,0.0006487369537353516,24,47,86
113,14,4,5,4,2,2,0.08118057250976562,3.218650817871094e-05,8.654594421386719e-05,13,16,17
114,15,4,5,4,2,2,0.09449291229248047,3.075599670410156e-05,0.00011205673217773438,15,22,11
115,16,4,5,4,2,2,0.11214852333068848,3.719329833984375e-05,0.0010333061218261719,24,50,108
116,17,4,5,4,2,2,0.09022951126098633,3.075599670410156e-05,8.058547973632812e-05,14,16,16
117,18,4,5,4,2,2,0.11719512939453125,4.744529724121094e-05,0.0003428459167480469,22,42,52
118,19,4,5,4,2,2,0.15246200561523438,3.5762786865234375e-05,0.0033729076385498047,33,126,243
119,20,4,5,4,2,2,0.1172645092010498,3.24249267578125e-05,0.0005424022674560547,22,45,63
120,21,4,5,4,2,2,0.10481691360473633,5.0067901611328125e-05,0.00020956993103027344,19,28,28
121,22,4,5,4,2,2,0.12120175361633301,3.0279159545898438e-05,0.00034499168395996094,20,37,45
122,23,4,5,4,2,2,0.12538599967956543,3.5762786865234375e-05,0.000270843505859375,21,34,44
123,24,4,5,4,2,2,0.15421247482299805,4.363059997558594e-05,0.001340627670288086,30,65,104
124,25,4,5,4,2,2,0.12038683891296387,2.86102294921875e-05,0.0002384185791015625,19,31,39
125,26,4,5,4,2,2,0.1293647289276123,3.647804260253906e-05,0.0008921623229980469,25,53,128
126,27,4,5,4,2,2,0.1074986457824707,3.7670135498046875e-05,6.532669067382812e-05,15,15,20
127,28,4,5,4,2,2,0.1224050521850586,3.719329833984375e-05,0.00020170211791992188,21,31,30
128,29,4,5,4,2,2,0.12111568450927734,3.0279159545898438e-05,0.0001513957977294922,21,26,12
129,30,4,5,4,2,2,0.11806058883666992,3.123283386230469e-05,0.00039267539978027344,20,41,44
130,31,4,5,4,2,2,0.1253499984741211,3.62396240234375e-05,0.0007190704345703125,25,46,50
131,32,4,5,4,2,2,0.13646364212036133,3.266334533691406e-05,0.0009772777557373047,25,52,120
132,33,4,5,4,2,2,0.11016321182250977,5.6743621826171875e-05,0.0003972053527832031,18,34,29
133,34,4,5,4,2,2,0.09967780113220215,3.552436828613281e-05,5.817413330078125e-05,15,17,12
134,35,4,5,4,2,2,0.14400029182434082,3.170967102050781e-05,0.0003447532653808594,25,42,52
135,36,4,5,4,2,2,0.1212151050567627,3.719329833984375e-05,0.00016069412231445312,23,30,22
136,37,4,5,4,2,2,0.12288475036621094,2.9802322387695312e-05,0.0006539821624755859,22,48,95
137,38,4,5,4,2,2,0.09784102439880371,3.170967102050781e-05,8.916854858398438e-05,15,21,14
138,39,4,5,4,2,2,0.1425480842590332,3.0279159545898438e-05,0.0003535747528076172,24,43,45
139,40,4,5,4,2,2,0.10899877548217773,4.935264587402344e-05,0.0001163482666015625,16,20,18
140,41,4,5,4,2,2,0.10375094413757324,3.361701965332031e-05,0.00032973289489746094,22,34,77
141,42,4,5,4,2,2,0.10624504089355469,3.1948089599609375e-05,0.00015687942504882812,18,25,15
142,43,4,5,4,2,2,0.12411785125732422,3.266334533691406e-05,0.0007121562957763672,23,45,77
143,44,4,5,4,2,2,0.14192461967468262,3.266334533691406e-05,0.0007736682891845703,27,56,123
144,45,4,5,4,2,2,0.09312272071838379,2.9802322387695312e-05,0.00011181831359863281,16,24,18
145,46,4,5,4,2,2,0.09076499938964844,3.0040740966796875e-05,5.888938903808594e-05,15,16,11
146,47,4,5,4,2,2,0.08302879333496094,3.528594970703125e-05,8.96453857421875e-05,15,18,9
147,48,4,5,4,2,2,0.12096643447875977,3.0279159545898438e-05,0.00039839744567871094,22,46,56
148,49,4,5,4,2,2,0.10824108123779297,3.4332275390625e-05,0.0005707740783691406,22,43,52
149,50,4,5,4,2,2,0.11437392234802246,3.1948089599609375e-05,0.0007214546203613281,25,53,88
150,51,4,5,4,2,2,0.09195756912231445,3.314018249511719e-05,7.200241088867188e-05,16,17,10
151,52,4,5,4,2,2,0.09624814987182617,3.0517578125e-05,0.00018143653869628906,18,28,29
152,53,4,5,4,2,2,0.10371756553649902,3.314018249511719e-05,0.0002715587615966797,16,18,15
153,54,4,5,4,2,2,0.11693120002746582,3.075599670410156e-05,0.00027942657470703125,20,32,64
154,55,4,5,4,2,2,0.11378169059753418,3.600120544433594e-05,0.00047588348388671875,23,51,36
155,56,4,5,4,2,2,0.09047818183898926,3.123283386230469e-05,0.0001068115234375,16,22,12
156,57,4,5,4,2,2,0.11093664169311523,3.62396240234375e-05,0.0001952648162841797,16,25,20
157,58,4,5,4,2,2,0.10678768157958984,3.147125244140625e-05,0.00010514259338378906,15,21,14
158,59,4,5,4,2,2,0.08197259902954102,3.8623809814453125e-05,9.393692016601562e-05,14,15,12
159,60,4,5,4,2,2,0.09922313690185547,2.9802322387695312e-05,0.0002181529998779297,18,32,24
160,61,4,5,4,2,2,0.11559009552001953,3.266334533691406e-05,0.00016379356384277344,19,27,19
161,62,4,5,4,2,2,0.09699201583862305,2.9325485229492188e-05,6.771087646484375e-05,17,19,13
162,63,4,5,4,2,2,0.09265255928039551,4.9114227294921875e-05,0.00020575523376464844,15,24,18
163,64,4,5,4,2,2,0.14238429069519043,3.0994415283203125e-05,0.00039315223693847656,19,40,42
164,65,4,5,4,2,2,0.11931061744689941,4.696846008300781e-05,0.00026798248291015625,21,30,22
165,66,4,5,4,2,2,0.11900496482849121,3.361701965332031e-05,0.0006461143493652344,23,53,48
166,67,4,5,4,2,2,0.12516236305236816,3.0517578125e-05,0.0009157657623291016,24,41,135
167,68,4,5,4,2,2,0.11386322975158691,3.8623809814453125e-05,0.0009622573852539062,25,76,60
168,69,4,5,4,2,2,0.12346482276916504,3.1948089599609375e-05,0.0002009868621826172,21,30,24
169,70,4,5,4,2,2,0.08754730224609375,3.0279159545898438e-05,6.318092346191406e-05,13,15,10
170,71,4,5,4,2,2,0.11892914772033691,3.337860107421875e-05,0.00036334991455078125,21,42,28
171,72,4,5,4,2,2,0.08609890937805176,3.337860107421875e-05,5.888938903808594e-05,14,14,12
172,73,4,5,4,2,2,0.14043879508972168,3.361701965332031e-05,0.0012745857238769531,27,74,160
173,74,4,5,4,2,2,0.11158561706542969,3.4809112548828125e-05,0.0005435943603515625,21,51,64
174,75,4,5,4,2,2,0.13094139099121094,3.981590270996094e-05,0.0013682842254638672,25,66,112
175,76,4,5,4,2,2,0.10912513732910156,3.075599670410156e-05,0.0003209114074707031,18,36,34
176,77,4,5,4,2,2,0.12404346466064453,3.886222839355469e-05,0.0007536411285400391,24,48,105
177,78,4,5,4,2,2,0.12909770011901855,3.314018249511719e-05,0.00034165382385253906,21,34,60
178,79,4,5,4,2,2,0.11083722114562988,3.170967102050781e-05,0.0002465248107910156,20,30,26
179,80,4,5,4,2,2,0.12743759155273438,3.1948089599609375e-05,0.0010838508605957031,23,62,96
180,81,4,5,4,2,2,0.13247036933898926,3.3855438232421875e-05,0.0009894371032714844,27,59,180
181,82,4,5,4,2,2,0.09493446350097656,4.00543212890625e-05,0.00012683868408203125,18,23,24
182,83,4,5,4,2,2,0.13852286338806152,3.361701965332031e-05,0.0009081363677978516,23,66,92
183,84,4,5,4,2,2,0.1143655776977539,3.314018249511719e-05,0.00021839141845703125,18,30,24
184,85,4,5,4,2,2,0.1434473991394043,3.62396240234375e-05,0.0011746883392333984,27,76,99
185,86,4,5,4,2,2,0.11081528663635254,3.3855438232421875e-05,0.00013566017150878906,17,24,15
186,87,4,5,4,2,2,0.12649226188659668,3.504753112792969e-05,0.002160787582397461,27,72,175
187,88,4,5,4,2,2,0.12696504592895508,3.266334533691406e-05,0.0019333362579345703,26,77,202
188,89,4,5,4,2,2,0.1161186695098877,3.4809112548828125e-05,0.0006389617919921875,21,39,54
189,90,4,5,4,2,2,0.09798002243041992,3.2901763916015625e-05,0.0001766681671142578,16,28,20
190,91,4,5,4,2,2,0.10599064826965332,3.361701965332031e-05,0.00014448165893554688,17,25,18
191,92,4,5,4,2,2,0.12722206115722656,3.218650817871094e-05,0.0015892982482910156,26,70,140
192,93,4,5,4,2,2,0.14647746086120605,3.504753112792969e-05,0.001428365707397461,28,76,132
193,94,4,5,4,2,2,0.11448216438293457,3.409385681152344e-05,0.0004127025604248047,20,35,36
194,95,4,5,4,2,2,0.10488581657409668,3.1948089599609375e-05,0.00012731552124023438,16,24,12
195,96,4,5,4,2,2,0.12376618385314941,3.4332275390625e-05,0.00047969818115234375,22,43,55
196,97,4,5,4,2,2,0.1220550537109375,3.504753112792969e-05,0.00016188621520996094,19,24,16
197,98,4,5,4,2,2,0.10157656669616699,3.147125244140625e-05,0.00010395050048828125,17,21,22
198,99,4,5,4,2,2,0.240372896194458,5.8650970458984375e-05,0.0004775524139404297,23,35,60
199,100,4,5,4,2,2,0.3204491138458252,5.316734313964844e-05,0.001369476318359375,24,53,90
200,1,5,5,4,2,2,0.21686649322509766,4.4345855712890625e-05,0.0018765926361083984,32,81,205
201,2,5,5,4,2,2,0.12426519393920898,4.673004150390625e-05,0.00037288665771484375,20,33,35
202,3,5,5,4,2,2,0.18564414978027344,4.5299530029296875e-05,0.0012063980102539062,31,55,234
203,4,5,5,4,2,2,0.212385892868042,6.175041198730469e-05,0.0052073001861572266,34,73,270
204,5,5,5,4,2,2,0.1512739658355713,4.458427429199219e-05,0.0005748271942138672,27,42,58
205,6,5,5,4,2,2,0.1535348892211914,4.00543212890625e-05,0.0014491081237792969,25,51,233
206,7,5,5,4,2,2,0.16130375862121582,4.124641418457031e-05,0.0011396408081054688,27,57,128
207,8,5,5,4,2,2,0.1814713478088379,4.124641418457031e-05,0.0013074874877929688,30,62,120
208,9,5,5,4,2,2,0.15880298614501953,3.886222839355469e-05,0.0029973983764648438,29,82,210
209,10,5,5,4,2,2,0.1457819938659668,3.62396240234375e-05,0.0008399486541748047,25,47,110
210,11,5,5,4,2,2,0.11879897117614746,4.00543212890625e-05,0.0004887580871582031,22,38,50
211,12,5,5,4,2,2,0.13789629936218262,3.695487976074219e-05,0.0012025833129882812,27,60,180
212,13,5,5,4,2,2,0.12903380393981934,3.838539123535156e-05,0.0004284381866455078,19,32,27
213,14,5,5,4,2,2,0.19666266441345215,4.458427429199219e-05,0.001979351043701172,36,88,232
214,15,5,5,4,2,2,0.2702822685241699,6.556510925292969e-05,0.00034308433532714844,18,24,18
215,16,5,5,4,2,2,0.237030029296875,5.555152893066406e-05,0.0008721351623535156,23,41,90
216,17,5,5,4,2,2,0.24882292747497559,5.3882598876953125e-05,0.00018835067749023438,18,22,18
217,18,5,5,4,2,2,0.44492244720458984,7.200241088867188e-05,0.003277301788330078,28,60,192
218,19,5,5,4,2,2,0.328230619430542,6.341934204101562e-05,0.0017428398132324219,25,44,84
219,20,5,5,4,2,2,0.2592039108276367,6.723403930664062e-05,0.00043964385986328125,21,31,36
220,21,5,5,4,2,2,0.3199424743652344,6.389617919921875e-05,0.01172780990600586,39,111,814
221,22,5,5,4,2,2,0.22415947914123535,7.319450378417969e-05,0.007655620574951172,33,85,306
222,23,5,5,4,2,2,0.18702149391174316,6.437301635742188e-05,0.003463268280029297,29,76,224
223,24,5,5,4,2,2,0.17221498489379883,4.076957702636719e-05,0.0004355907440185547,24,35,72
224,25,5,5,4,2,2,0.15848779678344727,4.458427429199219e-05,0.0014119148254394531,28,54,60
225,26,5,5,4,2,2,0.1589186191558838,4.124641418457031e-05,0.004751682281494141,31,77,408
226,27,5,5,4,2,2,0.17039227485656738,4.2438507080078125e-05,0.008826971054077148,38,124,798
227,28,5,5,4,2,2,0.1478252410888672,3.361701965332031e-05,0.0009090900421142578,28,51,100
228,29,5,5,4,2,2,0.16065001487731934,4.220008850097656e-05,0.003566265106201172,30,74,252
229,30,5,5,4,2,2,0.13579297065734863,3.933906555175781e-05,0.0003135204315185547,25,39,40
230,31,5,5,4,2,2,0.13050198554992676,3.695487976074219e-05,0.00048065185546875,22,40,64
231,32,5,5,4,2,2,0.14678740501403809,3.7670135498046875e-05,0.0003972053527832031,25,36,46
232,33,5,5,4,2,2,0.15552902221679688,3.981590270996094e-05,0.0016503334045410156,27,49,204
233,34,5,5,4,2,2,0.19868850708007812,4.100799560546875e-05,0.004855155944824219,32,98,236
234,35,5,5,4,2,2,0.16190600395202637,4.1484832763671875e-05,0.004279613494873047,32,71,416
235,36,5,5,4,2,2,0.16901135444641113,4.267692565917969e-05,0.0017032623291015625,35,56,128
236,37,5,5,4,2,2,0.11428189277648926,3.933906555175781e-05,8.130073547363281e-05,14,16,9
237,38,5,5,4,2,2,0.14662981033325195,6.508827209472656e-05,0.0014870166778564453,25,51,52
238,39,5,5,4,2,2,0.13488554954528809,3.933906555175781e-05,0.0006086826324462891,23,38,76
239,40,5,5,4,2,2,0.18901658058166504,8.225440979003906e-05,0.0017082691192626953,29,78,144
240,41,5,5,4,2,2,0.16873764991760254,4.0531158447265625e-05,0.001154184341430664,29,68,96
241,42,5,5,4,2,2,0.14769458770751953,4.291534423828125e-05,0.002590179443359375,30,75,166
242,43,5,5,4,2,2,0.13912105560302734,3.62396240234375e-05,0.0005450248718261719,23,39,72
243,44,5,5,4,2,2,0.17751789093017578,4.172325134277344e-05,0.007190704345703125,36,109,418
244,45,5,5,4,2,2,0.15721964836120605,3.790855407714844e-05,0.002086639404296875,30,71,182
245,46,5,5,4,2,2,0.09108614921569824,3.457069396972656e-05,8.845329284667969e-05,15,18,7
246,47,5,5,4,2,2,0.14033102989196777,3.790855407714844e-05,0.002597332000732422,25,54,322
247,48,5,5,4,2,2,0.11829876899719238,3.647804260253906e-05,0.00011372566223144531,19,21,9
248,49,5,5,4,2,2,0.14968013763427734,3.7670135498046875e-05,0.0002677440643310547,25,36,60
249,50,5,5,4,2,2,0.17437005043029785,3.62396240234375e-05,0.00024390220642089844,19,27,36
250,51,5,5,4,2,2,0.19891643524169922,4.1961669921875e-05,0.0006196498870849609,28,38,94
251,52,5,5,4,2,2,0.3317573070526123,4.410743713378906e-05,0.0003151893615722656,24,36,56
252,53,5,5,4,2,2,0.2751741409301758,6.747245788574219e-05,0.0032918453216552734,29,60,213
253,54,5,5,4,2,2,0.17227911949157715,3.814697265625e-05,0.00022077560424804688,25,32,42
254,55,5,5,4,2,2,0.1511387825012207,3.62396240234375e-05,0.0005962848663330078,22,36,78
255,56,5,5,4,2,2,0.14869475364685059,3.6716461181640625e-05,0.0004241466522216797,26,43,35
256,57,5,5,4,2,2,0.1304948329925537,3.838539123535156e-05,0.0007691383361816406,24,46,120
257,58,5,5,4,2,2,0.14972901344299316,3.9577484130859375e-05,0.0015637874603271484,30,60,160
258,59,5,5,4,2,2,0.12091207504272461,3.361701965332031e-05,0.00011372566223144531,19,22,10
259,60,5,5,4,2,2,0.17106842994689941,4.0531158447265625e-05,0.0005941390991210938,32,46,133
260,61,5,5,4,2,2,0.1603984832763672,4.267692565917969e-05,0.0022759437561035156,29,67,190
261,62,5,5,4,2,2,0.15612220764160156,4.935264587402344e-05,0.00215911865234375,31,59,270
262,63,5,5,4,2,2,0.1337132453918457,5.4836273193359375e-05,0.0018298625946044922,28,71,184
263,64,5,5,4,2,2,0.12187385559082031,3.790855407714844e-05,0.00030541419982910156,22,32,38
264,65,5,5,4,2,2,0.15725159645080566,3.719329833984375e-05,0.0006911754608154297,23,48,60
265,66,5,5,4,2,2,0.22733020782470703,5.435943603515625e-05,0.014348030090332031,43,107,2100
266,67,5,5,4,2,2,0.18165111541748047,4.839897155761719e-05,0.0023546218872070312,33,76,161
267,68,5,5,4,2,2,0.15712571144104004,4.363059997558594e-05,0.002728700637817383,28,79,116
268,69,5,5,4,2,2,0.38244104385375977,4.792213439941406e-05,0.0038003921508789062,34,102,280
269,70,5,5,4,2,2,0.1986522674560547,4.649162292480469e-05,0.0034029483795166016,35,110,273
270,71,5,5,4,2,2,0.17023777961730957,7.295608520507812e-05,0.0038945674896240234,27,74,178
271,72,5,5,4,2,2,0.27698755264282227,4.458427429199219e-05,0.0029599666595458984,31,68,352
272,73,5,5,4,2,2,0.2710132598876953,5.459785461425781e-05,0.19464826583862305,60,324,5264
273,74,5,5,4,2,2,0.13832616806030273,4.029273986816406e-05,0.0026192665100097656,29,60,230
274,75,5,5,4,2,2,0.18508100509643555,4.649162292480469e-05,0.0008442401885986328,32,57,60
275,76,5,5,4,2,2,0.1384258270263672,4.076957702636719e-05,0.0002460479736328125,24,31,60
276,77,5,5,4,2,2,0.19754409790039062,7.104873657226562e-05,0.0020623207092285156,31,57,168
277,78,5,5,4,2,2,0.28389763832092285,6.842613220214844e-05,0.0007920265197753906,21,36,46
278,79,5,5,4,2,2,0.1951310634613037,5.6743621826171875e-05,0.004843473434448242,32,88,252
279,80,5,5,4,2,2,0.18684124946594238,4.458427429199219e-05,0.0018129348754882812,30,64,146
280,81,5,5,4,2,2,0.16230177879333496,4.315376281738281e-05,0.004936695098876953,32,80,690
281,82,5,5,4,2,2,0.1491529941558838,3.910064697265625e-05,0.0008692741394042969,29,59,126
282,83,5,5,4,2,2,0.15768671035766602,4.5299530029296875e-05,0.0010869503021240234,29,63,54
283,84,5,5,4,2,2,0.15864348411560059,4.1484832763671875e-05,0.0006716251373291016,26,46,76
284,85,5,5,4,2,2,0.16229724884033203,4.1961669921875e-05,0.001104593276977539,31,65,126
285,86,5,5,4,2,2,0.16089749336242676,4.482269287109375e-05,0.0014395713806152344,29,53,180
286,87,5,5,4,2,2,0.15385198593139648,3.695487976074219e-05,0.0006015300750732422,30,46,99
287,88,5,5,4,2,2,0.15756940841674805,4.100799560546875e-05,0.0005769729614257812,29,46,48
288,89,5,5,4,2,2,0.14601683616638184,4.076957702636719e-05,0.0013155937194824219,26,54,138
289,90,5,5,4,2,2,0.13518190383911133,3.695487976074219e-05,0.00017499923706054688,20,24,32
290,91,5,5,4,2,2,0.14710521697998047,3.838539123535156e-05,0.001520395278930664,28,59,72
291,92,5,5,4,2,2,0.16139674186706543,4.3392181396484375e-05,0.003338336944580078,34,94,306
292,93,5,5,4,2,2,0.15779447555541992,3.981590270996094e-05,0.000736236572265625,27,46,104
293,94,5,5,4,2,2,0.17167305946350098,3.910064697265625e-05,0.0015408992767333984,30,62,72
294,95,5,5,4,2,2,0.12499666213989258,4.124641418457031e-05,0.0005297660827636719,21,34,72
295,96,5,5,4,2,2,0.12143850326538086,4.076957702636719e-05,0.0006284713745117188,22,44,60
296,97,5,5,4,2,2,0.17545390129089355,5.5789947509765625e-05,0.00523686408996582,35,89,528
297,98,5,5,4,2,2,0.19036006927490234,4.1961669921875e-05,0.0038068294525146484,37,93,231
298,99,5,5,4,2,2,0.13909173011779785,3.8623809814453125e-05,0.0007383823394775391,24,44,81
299,100,5,5,4,2,2,0.09819245338439941,3.814697265625e-05,0.00018978118896484375,16,20,26
300,1,6,5,4,2,2,0.21677350997924805,6.198883056640625e-05,0.014912605285644531,39,102,1620
301,2,6,5,4,2,2,0.21704959869384766,4.76837158203125e-05,0.003404855728149414,38,82,432
302,3,6,5,4,2,2,0.13936257362365723,4.38690185546875e-05,0.0005586147308349609,23,33,44
303,4,6,5,4,2,2,0.18445968627929688,4.8160552978515625e-05,0.0021762847900390625,33,72,280
304,5,6,5,4,2,2,0.1630864143371582,4.792213439941406e-05,0.00031280517578125,24,33,26
305,6,6,5,4,2,2,0.16373205184936523,5.9604644775390625e-05,0.0013399124145507812,27,56,114
306,7,6,5,4,2,2,0.16997480392456055,4.649162292480469e-05,0.0006210803985595703,28,44,68
307,8,6,5,4,2,2,0.1872420310974121,6.222724914550781e-05,0.006167411804199219,34,87,420
308,9,6,5,4,2,2,0.20165252685546875,5.53131103515625e-05,0.012423276901245117,41,119,960
309,10,6,5,4,2,2,0.1589360237121582,4.57763671875e-05,0.001100778579711914,27,49,102
310,11,6,5,4,2,2,0.1700916290283203,4.839897155761719e-05,0.0017135143280029297,29,50,110
311,12,6,5,4,2,2,0.15718722343444824,4.744529724121094e-05,0.0009355545043945312,24,39,78
312,13,6,5,4,2,2,0.1817011833190918,7.009506225585938e-05,0.0012793540954589844,27,44,120
313,14,6,5,4,2,2,0.21768593788146973,5.316734313964844e-05,0.009636640548706055,38,99,445
314,15,6,5,4,2,2,0.14984536170959473,4.744529724121094e-05,0.00026679039001464844,21,26,11
315,16,6,5,4,2,2,0.20439934730529785,5.364418029785156e-05,0.0024428367614746094,40,80,214
316,17,6,5,4,2,2,0.16425466537475586,4.553794860839844e-05,0.0005443096160888672,26,41,32
317,18,6,5,4,2,2,0.16853952407836914,4.863739013671875e-05,0.0007424354553222656,28,51,33
318,19,6,5,4,2,2,0.19536089897155762,4.673004150390625e-05,0.0016748905181884766,32,62,192
319,20,6,5,4,2,2,0.17170405387878418,7.987022399902344e-05,0.0020198822021484375,29,52,110
320,21,6,5,4,2,2,0.17107582092285156,4.76837158203125e-05,0.002775907516479492,28,53,210
321,22,6,5,4,2,2,0.27193784713745117,5.2928924560546875e-05,0.006450653076171875,32,62,174
322,23,6,5,4,2,2,0.3335075378417969,4.8160552978515625e-05,0.0033812522888183594,34,84,360
323,24,6,5,4,2,2,0.1838212013244629,7.939338684082031e-05,0.0020110607147216797,29,56,88
324,25,6,5,4,2,2,0.18516325950622559,4.553794860839844e-05,0.0013613700866699219,34,62,132
325,26,6,5,4,2,2,0.17296290397644043,5.221366882324219e-05,0.0006704330444335938,29,38,82
326,27,6,5,4,2,2,0.17256593704223633,6.604194641113281e-05,0.00034928321838378906,23,33,49
327,28,6,5,4,2,2,0.1490612030029297,4.3392181396484375e-05,0.0005345344543457031,26,42,54
328,29,6,5,4,2,2,0.2033367156982422,5.054473876953125e-05,0.003012418746948242,37,82,140
329,30,6,5,4,2,2,0.23513078689575195,8.320808410644531e-05,0.006018400192260742,35,74,260
330,31,6,5,4,2,2,0.24433302879333496,4.9591064453125e-05,0.011826515197753906,45,101,1260
331,32,6,5,4,2,2,0.16219758987426758,4.887580871582031e-05,0.0018932819366455078,32,68,220
332,33,6,5,4,2,2,0.29467105865478516,5.936622619628906e-05,0.1248464584350586,58,274,4704
333,34,6,5,4,2,2,0.13499140739440918,4.38690185546875e-05,0.0007946491241455078,23,39,48
334,35,6,5,4,2,2,0.1717991828918457,4.76837158203125e-05,0.0030553340911865234,30,59,190
335,36,6,5,4,2,2,0.17302656173706055,4.649162292480469e-05,0.0010325908660888672,28,52,92
336,37,6,5,4,2,2,0.18401217460632324,7.295608520507812e-05,0.004240512847900391,30,62,244
337,38,6,5,4,2,2,0.21254348754882812,4.935264587402344e-05,0.008310079574584961,42,92,464
338,39,6,5,4,2,2,0.14597678184509277,4.458427429199219e-05,0.0012142658233642578,30,71,84
339,40,6,5,4,2,2,0.18483567237854004,8.606910705566406e-05,0.006555318832397461,35,66,312
340,41,6,5,4,2,2,0.17006421089172363,4.553794860839844e-05,0.000286102294921875,22,30,32
341,42,6,5,4,2,2,0.18580985069274902,4.482269287109375e-05,0.0018715858459472656,31,60,122
342,43,6,5,4,2,2,0.17676949501037598,4.744529724121094e-05,0.004056215286254883,29,64,296
343,44,6,5,4,2,2,0.24726104736328125,4.4345855712890625e-05,0.005816936492919922,36,93,528
344,45,6,5,4,2,2,0.18514227867126465,4.506111145019531e-05,0.003931522369384766,30,63,280
345,46,6,5,4,2,2,0.1972811222076416,5.245208740234375e-05,0.028111934661865234,40,118,1632
346,47,6,5,4,2,2,0.2016308307647705,4.744529724121094e-05,0.003118276596069336,35,81,300
347,48,6,5,4,2,2,0.16869044303894043,5.173683166503906e-05,0.002044200897216797,30,69,118
348,49,6,5,4,2,2,0.21036577224731445,5.221366882324219e-05,0.0035479068756103516,42,89,352
349,50,6,5,4,2,2,0.15765070915222168,7.62939453125e-05,0.0016307830810546875,29,54,88
350,51,6,5,4,2,2,0.18255996704101562,4.887580871582031e-05,0.0006496906280517578,31,50,25
351,52,6,5,4,2,2,0.13626503944396973,4.315376281738281e-05,0.0004284381866455078,22,33,32
352,53,6,5,4,2,2,0.1809701919555664,6.961822509765625e-05,0.011480331420898438,34,95,798
353,54,6,5,4,2,2,0.17113733291625977,5.125999450683594e-05,0.004362821578979492,32,80,188
354,55,6,5,4,2,2,0.13540172576904297,4.6253204345703125e-05,0.0005826950073242188,26,42,55
355,56,6,5,4,2,2,0.1381514072418213,4.291534423828125e-05,0.0002701282501220703,20,28,32
356,57,6,5,4,2,2,0.16816997528076172,4.8160552978515625e-05,0.003305673599243164,31,70,194
357,58,6,5,4,2,2,0.15647625923156738,4.744529724121094e-05,0.0008411407470703125,28,48,81
358,59,6,5,4,2,2,0.18643736839294434,7.2479248046875e-05,0.00765228271484375,36,89,483
359,60,6,5,4,2,2,0.16106915473937988,4.3392181396484375e-05,0.0008709430694580078,29,42,72
360,61,6,5,4,2,2,0.1271679401397705,5.555152893066406e-05,0.0002319812774658203,19,27,24
361,62,6,5,4,2,2,0.17383956909179688,4.76837158203125e-05,0.000774383544921875,28,46,84
362,63,6,5,4,2,2,0.15667319297790527,4.506111145019531e-05,0.00021386146545410156,20,24,23
363,64,6,5,4,2,2,0.21022295951843262,4.9114227294921875e-05,0.003376483917236328,36,68,288
364,65,6,5,4,2,2,0.17422056198120117,4.9114227294921875e-05,0.009892940521240234,36,113,608
365,66,6,5,4,2,2,0.1871480941772461,5.888938903808594e-05,0.0045812129974365234,36,82,247
366,67,6,5,4,2,2,0.1722431182861328,4.482269287109375e-05,0.0010504722595214844,31,44,92
367,68,6,5,4,2,2,0.16112279891967773,4.76837158203125e-05,0.001417398452758789,29,54,114
368,69,6,5,4,2,2,0.19006133079528809,4.9591064453125e-05,0.0018701553344726562,33,61,169
369,70,6,5,4,2,2,0.1930849552154541,4.792213439941406e-05,0.010570287704467773,39,84,528
370,71,6,5,4,2,2,0.16038727760314941,4.76837158203125e-05,0.008028745651245117,32,69,525
371,72,6,5,4,2,2,0.15581321716308594,4.315376281738281e-05,0.00014472007751464844,20,24,12
372,73,6,5,4,2,2,0.14258193969726562,4.267692565917969e-05,0.0006160736083984375,25,39,55
373,74,6,5,4,2,2,0.18316411972045898,8.082389831542969e-05,0.0022368431091308594,35,73,280
374,75,6,5,4,2,2,0.16167187690734863,4.7206878662109375e-05,0.000461578369140625,28,39,44
375,76,6,5,4,2,2,0.1595618724822998,4.7206878662109375e-05,0.0008697509765625,27,46,144
376,77,6,5,4,2,2,0.16455650329589844,4.410743713378906e-05,0.0017850399017333984,29,53,96
377,78,6,5,4,2,2,0.1776585578918457,4.76837158203125e-05,0.0034084320068359375,32,73,330
378,79,6,5,4,2,2,0.21047639846801758,4.506111145019531e-05,0.0042684078216552734,39,91,180
379,80,6,5,4,2,2,0.17059803009033203,4.601478576660156e-05,0.0028905868530273438,31,61,168
380,81,6,5,4,2,2,0.16886448860168457,4.744529724121094e-05,0.0008332729339599609,29,49,35
381,82,6,5,4,2,2,0.2549889087677002,5.078315734863281e-05,0.00971531867980957,52,150,922
382,83,6,5,4,2,2,0.22291779518127441,4.5299530029296875e-05,0.0017681121826171875,37,76,152
383,84,6,5,4,2,2,0.17917704582214355,4.315376281738281e-05,0.00066375732421875,31,44,42
384,85,6,5,4,2,2,0.19332504272460938,4.696846008300781e-05,0.002821207046508789,35,72,116
385,86,6,5,4,2,2,0.218400239944458,5.269050598144531e-05,0.006701469421386719,43,109,368
386,87,6,5,4,2,2,0.21541476249694824,4.8160552978515625e-05,0.0030448436737060547,41,74,232
387,88,6,5,4,2,2,0.1670832633972168,4.6253204345703125e-05,0.0007560253143310547,27,50,40
388,89,6,5,4,2,2,0.18096256256103516,4.792213439941406e-05,0.003012418746948242,35,79,312
389,90,6,5,4,2,2,0.15565943717956543,4.7206878662109375e-05,0.0014255046844482422,26,49,120
390,91,6,5,4,2,2,0.1396949291229248,7.605552673339844e-05,0.000331878662109375,25,31,70
391,92,6,5,4,2,2,0.17047667503356934,4.363059997558594e-05,0.0011992454528808594,29,48,80
392,93,6,5,4,2,2,0.15448212623596191,4.601478576660156e-05,0.0006773471832275391,26,46,90
393,94,6,5,4,2,2,0.1978158950805664,5.1021575927734375e-05,0.008725166320800781,42,119,520
394,95,6,5,4,2,2,0.16393399238586426,7.104873657226562e-05,0.0020885467529296875,26,52,112
395,96,6,5,4,2,2,0.1957414150238037,4.839897155761719e-05,0.007097482681274414,37,86,352
396,97,6,5,4,2,2,0.14741158485412598,4.601478576660156e-05,0.0006470680236816406,26,42,42
397,98,6,5,4,2,2,0.16988277435302734,4.7206878662109375e-05,0.0007762908935546875,25,41,44
398,99,6,5,4,2,2,0.1500852108001709,4.696846008300781e-05,0.00063323974609375,23,37,70
399,100,6,5,4,2,2,0.1589646339416504,4.792213439941406e-05,0.0009307861328125,27,49,100
400,1,7,5,4,2,2,0.21224451065063477,5.4836273193359375e-05,0.0019447803497314453,37,63,90
401,2,7,5,4,2,2,0.34380435943603516,6.651878356933594e-05,0.18444132804870605,65,298,3696
402,3,7,5,4,2,2,0.21558856964111328,5.984306335449219e-05,0.015847206115722656,43,118,560
403,4,7,5,4,2,2,0.21260690689086914,6.103515625e-05,0.00682520866394043,42,76,728
404,5,7,5,4,2,2,0.20422911643981934,5.555152893066406e-05,0.0006573200225830078,30,47,36
405,6,7,5,4,2,2,0.24003267288208008,6.0558319091796875e-05,0.026319265365600586,44,111,2106
406,7,7,5,4,2,2,0.22697138786315918,5.7220458984375e-05,0.013028860092163086,41,96,1428
407,8,7,5,4,2,2,0.1736133098602295,6.079673767089844e-05,0.0024149417877197266,31,57,240
408,9,7,5,4,2,2,0.2284836769104004,5.984306335449219e-05,0.010442256927490234,43,89,765
409,10,7,5,4,2,2,0.24886226654052734,5.9604644775390625e-05,0.06889724731445312,50,149,6213
410,11,7,5,4,2,2,0.17812681198120117,6.270408630371094e-05,0.004324197769165039,31,58,405
411,12,7,5,4,2,2,0.2797107696533203,6.151199340820312e-05,0.10305213928222656,53,202,6480
412,13,7,5,4,2,2,0.20503520965576172,5.4836273193359375e-05,0.011061429977416992,38,88,687
413,14,7,5,4,2,2,0.2911655902862549,6.580352783203125e-05,0.036604881286621094,51,135,1780
414,15,7,5,4,2,2,0.18514108657836914,5.936622619628906e-05,0.0010650157928466797,30,53,92
415,16,7,5,4,2,2,0.2033085823059082,6.031990051269531e-05,0.001832723617553711,31,52,150
416,17,7,5,4,2,2,0.2112560272216797,5.8650970458984375e-05,0.005945920944213867,37,71,366
417,18,7,5,4,2,2,0.18594002723693848,5.745887756347656e-05,0.0039517879486083984,33,58,308
418,19,7,5,4,2,2,0.2539675235748291,6.246566772460938e-05,0.01243448257446289,40,84,738
419,20,7,5,4,2,2,0.20638298988342285,5.650520324707031e-05,0.043123722076416016,41,101,3984
420,21,7,5,4,2,2,0.2005603313446045,6.008148193359375e-05,0.00859689712524414,41,80,488
421,22,7,5,4,2,2,0.29956507682800293,6.771087646484375e-05,0.1772289276123047,54,141,4240
422,23,7,5,4,2,2,0.23360013961791992,6.461143493652344e-05,0.006777763366699219,40,93,558
423,24,7,5,4,2,2,0.22330427169799805,0.00010323524475097656,0.03808403015136719,37,88,1328
424,25,7,5,4,2,2,0.2246541976928711,7.557868957519531e-05,0.020745515823364258,39,97,1120
425,26,7,5,4,2,2,0.19350218772888184,5.8650970458984375e-05,0.0014963150024414062,36,61,124
426,27,7,5,4,2,2,0.19024372100830078,5.555152893066406e-05,0.0033397674560546875,38,73,230
427,28,7,5,4,2,2,0.21545791625976562,5.53131103515625e-05,0.0013031959533691406,30,49,106
428,29,7,5,4,2,2,0.20238089561462402,5.364418029785156e-05,0.0017406940460205078,37,54,198
429,30,7,5,4,2,2,0.22435760498046875,5.9604644775390625e-05,0.0146636962890625,42,107,912
430,31,7,5,4,2,2,0.2024383544921875,5.91278076171875e-05,0.011042356491088867,39,104,504
431,32,7,5,4,2,2,0.24266910552978516,6.961822509765625e-05,0.012885570526123047,47,94,836
432,33,7,5,4,2,2,0.1861248016357422,5.412101745605469e-05,0.0022165775299072266,30,57,216
433,34,7,5,4,2,2,0.2012495994567871,5.412101745605469e-05,0.0008099079132080078,34,54,72
434,35,7,5,4,2,2,0.17783188819885254,5.364418029785156e-05,0.001764535903930664,28,47,160
435,36,7,5,4,2,2,0.2053227424621582,5.8650970458984375e-05,0.014001607894897461,39,98,624
436,37,7,5,4,2,2,0.19173765182495117,6.318092346191406e-05,0.001976490020751953,31,58,145
437,38,7,5,4,2,2,0.23841476440429688,5.316734313964844e-05,0.009932756423950195,42,102,324
438,39,7,5,4,2,2,0.19548606872558594,6.222724914550781e-05,0.010163545608520508,36,89,464
439,40,7,5,4,2,2,0.183579683303833,5.412101745605469e-05,0.0038688182830810547,34,69,300
440,41,7,5,4,2,2,0.21269440650939941,5.435943603515625e-05,0.008928060531616211,37,80,960
441,42,7,5,4,2,2,0.24358153343200684,6.4849853515625e-05,0.030575275421142578,46,105,2540
442,43,7,5,4,2,2,0.21856141090393066,5.6743621826171875e-05,0.013570785522460938,42,86,1595
443,44,7,5,4,2,2,0.24573922157287598,9.918212890625e-05,0.009749174118041992,40,99,632
444,45,7,5,4,2,2,0.18445491790771484,5.841255187988281e-05,0.001741647720336914,30,59,140
445,46,7,5,4,2,2,0.41539669036865234,9.34600830078125e-05,0.011392354965209961,40,97,306
446,47,7,5,4,2,2,0.26056551933288574,5.984306335449219e-05,0.0021102428436279297,37,64,162
447,48,7,5,4,2,2,0.3031883239746094,5.9604644775390625e-05,0.030839204788208008,48,132,3000
448,49,7,5,4,2,2,0.21402549743652344,5.555152893066406e-05,0.001962900161743164,35,63,240
449,50,7,5,4,2,2,0.19253325462341309,5.2928924560546875e-05,0.0010204315185546875,31,47,114
450,51,7,5,4,2,2,0.19964885711669922,5.626678466796875e-05,0.01845550537109375,43,103,840
451,52,7,5,4,2,2,0.1660468578338623,5.364418029785156e-05,0.00020575523376464844,22,29,16
452,53,7,5,4,2,2,0.18436312675476074,6.031990051269531e-05,0.0023508071899414062,31,55,110
453,54,7,5,4,2,2,0.20065951347351074,5.984306335449219e-05,0.005479574203491211,36,79,384
454,55,7,5,4,2,2,0.21700048446655273,6.031990051269531e-05,0.007838726043701172,35,69,580
455,56,7,5,4,2,2,0.20832037925720215,5.793571472167969e-05,0.0018410682678222656,37,64,84
456,57,7,5,4,2,2,0.22104763984680176,5.459785461425781e-05,0.0015854835510253906,31,52,83
457,58,7,5,4,2,2,0.2062513828277588,5.555152893066406e-05,0.006743907928466797,35,76,544
458,59,7,5,4,2,2,0.17911267280578613,7.200241088867188e-05,0.0013835430145263672,33,51,132
459,60,7,5,4,2,2,0.19126415252685547,5.5789947509765625e-05,0.0025000572204589844,30,57,224
460,61,7,5,4,2,2,0.22655439376831055,9.703636169433594e-05,0.04479622840881348,42,106,1632
461,62,7,5,4,2,2,0.23163461685180664,5.626678466796875e-05,0.011076927185058594,40,96,690
462,63,7,5,4,2,2,0.2275562286376953,5.936622619628906e-05,0.03628277778625488,44,124,2448
463,64,7,5,4,2,2,0.18736600875854492,5.507469177246094e-05,0.0010225772857666016,28,45,77
464,65,7,5,4,2,2,0.1939399242401123,5.5789947509765625e-05,0.011712074279785156,36,81,720
465,66,7,5,4,2,2,0.228712797164917,6.318092346191406e-05,0.09135127067565918,45,134,5184
466,67,7,5,4,2,2,0.19771528244018555,8.535385131835938e-05,0.008183479309082031,36,80,628
467,68,7,5,4,2,2,0.24784135818481445,5.984306335449219e-05,0.18854665756225586,53,166,7888
468,69,7,5,4,2,2,0.1575160026550293,5.14984130859375e-05,0.0007772445678710938,29,43,64
469,70,7,5,4,2,2,0.1873302459716797,5.1021575927734375e-05,0.0011234283447265625,32,52,68
470,71,7,5,4,2,2,0.16706418991088867,8.869171142578125e-05,0.0008108615875244141,26,42,65
471,72,7,5,4,2,2,0.1916487216949463,5.984306335449219e-05,0.001669168472290039,31,52,117
472,73,7,5,4,2,2,0.17356061935424805,5.507469177246094e-05,0.00185394287109375,31,49,112
473,74,7,5,4,2,2,0.23206615447998047,6.914138793945312e-05,0.032654523849487305,45,131,2340
474,75,7,5,4,2,2,0.2051095962524414,6.008148193359375e-05,0.04733729362487793,47,136,4250
475,76,7,5,4,2,2,0.1981828212738037,5.7220458984375e-05,0.0038406848907470703,34,71,156
476,77,7,5,4,2,2,0.19530415534973145,5.221366882324219e-05,0.0019137859344482422,37,74,141
477,78,7,5,4,2,2,0.21013665199279785,5.459785461425781e-05,0.003082752227783203,40,66,302
478,79,7,5,4,2,2,0.2309706211090088,5.841255187988281e-05,0.04014730453491211,45,124,2108
479,80,7,5,4,2,2,0.3192555904388428,6.508827209472656e-05,0.11358475685119629,62,191,8640
480,81,7,5,4,2,2,0.21392130851745605,8.7738037109375e-05,0.01700615882873535,35,76,940
481,82,7,5,4,2,2,0.1852555274963379,8.916854858398438e-05,0.003743410110473633,34,65,280
482,83,7,5,4,2,2,0.1715850830078125,5.078315734863281e-05,0.0024836063385009766,29,55,204
483,84,7,5,4,2,2,0.2104661464691162,5.245208740234375e-05,0.0017352104187011719,37,61,96
484,85,7,5,4,2,2,0.2241067886352539,5.4836273193359375e-05,0.0054552555084228516,43,86,245
485,86,7,5,4,2,2,0.3096425533294678,6.318092346191406e-05,0.07175159454345703,63,251,4608
486,87,7,5,4,2,2,0.19393134117126465,5.4836273193359375e-05,0.0036389827728271484,32,62,276
487,88,7,5,4,2,2,0.18629980087280273,5.316734313964844e-05,0.0027008056640625,30,60,200
488,89,7,5,4,2,2,0.2168564796447754,5.435943603515625e-05,0.01111745834350586,40,81,1188
489,90,7,5,4,2,2,0.2170412540435791,5.7697296142578125e-05,0.017076730728149414,43,115,704
490,91,7,5,4,2,2,0.19284677505493164,5.7220458984375e-05,0.007997751235961914,37,85,767
491,92,7,5,4,2,2,0.25929903984069824,5.745887756347656e-05,0.024013280868530273,51,152,812
492,93,7,5,4,2,2,0.1704561710357666,5.53131103515625e-05,0.0040013790130615234,33,65,194
493,94,7,5,4,2,2,0.20277881622314453,5.5789947509765625e-05,0.023929595947265625,38,101,1036
494,95,7,5,4,2,2,0.2683868408203125,5.5789947509765625e-05,0.00604248046875,36,73,468
495,96,7,5,4,2,2,0.19413447380065918,6.461143493652344e-05,0.002362489700317383,32,63,84
496,97,7,5,4,2,2,0.1811985969543457,5.745887756347656e-05,0.0007696151733398438,27,47,42
497,98,7,5,4,2,2,0.2076554298400879,5.984306335449219e-05,0.009297609329223633,38,84,510
498,99,7,5,4,2,2,0.2714545726776123,6.175041198730469e-05,0.026701927185058594,49,114,1068
499,100,7,5,4,2,2,0.23582077026367188,5.745887756347656e-05,0.011000394821166992,40,95,884
500,1,8,5,4,2,2,0.28366732597351074,7.343292236328125e-05,0.15566515922546387,53,155,6840
501,2,8,5,4,2,2,0.22840094566345215,6.985664367675781e-05,0.04049086570739746,45,106,1824
502,3,8,5,4,2,2,0.23335003852844238,6.604194641113281e-05,0.007153987884521484,38,77,400
503,4,8,5,4,2,2,0.22249937057495117,6.246566772460938e-05,0.004517555236816406,37,68,390
504,5,8,5,4,2,2,0.1956338882446289,6.532669067382812e-05,0.0028734207153320312,34,57,170
505,6,8,5,4,2,2,0.21251583099365234,6.461143493652344e-05,0.012938499450683594,39,74,848
506,7,8,5,4,2,2,0.273160457611084,8.368492126464844e-05,0.06280755996704102,56,162,1742
507,8,8,5,4,2,2,0.2219841480255127,6.365776062011719e-05,0.009613990783691406,37,71,552
508,9,8,5,4,2,2,0.21190762519836426,0.00010466575622558594,0.002661466598510742,37,64,100
509,10,8,5,4,2,2,0.3028550148010254,6.914138793945312e-05,0.0981607437133789,53,117,7248
510,11,8,5,4,2,2,0.26331257820129395,7.009506225585938e-05,0.014177560806274414,43,83,1200
511,12,8,5,4,2,2,0.2696995735168457,0.00012373924255371094,0.047022104263305664,47,124,2640
512,13,8,5,4,2,2,0.24971890449523926,6.747245788574219e-05,0.004253864288330078,38,71,288
513,14,8,5,4,2,2,0.2580733299255371,0.00010585784912109375,0.005556583404541016,36,62,377
514,15,8,5,4,2,2,0.2636129856109619,0.00010085105895996094,0.0010035037994384766,35,45,42
515,16,8,5,4,2,2,0.30753302574157715,9.894371032714844e-05,0.03461861610412598,54,119,2028
516,17,8,5,4,2,2,0.1971907615661621,6.890296936035156e-05,0.014716625213623047,38,88,644
517,18,8,5,4,2,2,0.23445558547973633,6.842613220214844e-05,0.01335906982421875,40,79,832
518,19,8,5,4,2,2,0.2653024196624756,6.437301635742188e-05,0.021622657775878906,49,95,1620
519,20,8,5,4,2,2,0.25665736198425293,7.486343383789062e-05,0.05289888381958008,46,120,2880
520,21,8,5,4,2,2,0.247145414352417,6.031990051269531e-05,0.01619696617126465,37,79,1376
521,22,8,5,4,2,2,0.22887468338012695,6.246566772460938e-05,0.012166500091552734,41,100,820
522,23,8,5,4,2,2,0.23831415176391602,6.67572021484375e-05,0.010243654251098633,40,76,483
523,24,8,5,4,2,2,0.22368502616882324,6.794929504394531e-05,0.007321596145629883,38,84,424
524,25,8,5,4,2,2,0.2223970890045166,6.270408630371094e-05,0.0027773380279541016,35,53,176
525,26,8,5,4,2,2,0.2037971019744873,6.699562072753906e-05,0.013754844665527344,38,89,852
526,27,8,5,4,2,2,0.2804250717163086,7.104873657226562e-05,0.16395950317382812,51,187,8460
527,28,8,5,4,2,2,0.17896795272827148,7.414817810058594e-05,0.0025975704193115234,30,46,154
528,29,8,5,4,2,2,0.24872303009033203,0.0001010894775390625,0.016630887985229492,42,72,588
529,30,8,5,4,2,2,0.3204190731048584,0.00011515617370605469,0.2056131362915039,58,166,7560
530,31,8,5,4,2,2,0.2186903953552246,7.009506225585938e-05,0.02063727378845215,39,95,1446
531,32,8,5,4,2,2,0.22066140174865723,6.67572021484375e-05,0.006426334381103516,39,75,400
532,33,8,5,4,2,2,0.233245849609375,0.00010156631469726562,0.008591175079345703,38,88,336
533,34,8,5,4,2,2,0.23325514793395996,6.4849853515625e-05,0.03642129898071289,46,110,1320
534,35,8,5,4,2,2,0.22688841819763184,6.914138793945312e-05,0.014817237854003906,39,86,1171
535,36,8,5,4,2,2,0.2555234432220459,7.128715515136719e-05,0.05945873260498047,49,121,4320
536,37,8,5,4,2,2,0.21697068214416504,6.699562072753906e-05,0.0017192363739013672,32,53,64
537,38,8,5,4,2,2,0.2885422706604004,6.866455078125e-05,0.032309770584106445,44,97,2754
538,39,8,5,4,2,2,0.25060105323791504,6.723403930664062e-05,0.02392435073852539,42,94,1188
539,40,8,5,4,2,2,0.2376554012298584,6.67572021484375e-05,0.023199796676635742,42,87,1980
540,41,8,5,4,2,2,0.23756670951843262,6.270408630371094e-05,0.013451814651489258,44,80,1675
541,42,8,5,4,2,2,0.2621755599975586,6.508827209472656e-05,0.014295339584350586,42,86,836
542,43,8,5,4,2,2,0.3132772445678711,6.508827209472656e-05,0.043546438217163086,56,129,3300
543,44,8,5,4,2,2,0.33756589889526367,7.82012939453125e-05,0.15536236763000488,67,278,3790
544,45,8,5,4,2,2,0.2755868434906006,6.890296936035156e-05,0.006003856658935547,47,77,585
545,46,8,5,4,2,2,0.2890465259552002,6.508827209472656e-05,0.03850865364074707,55,137,2212
546,47,8,5,4,2,2,0.23438549041748047,6.937980651855469e-05,0.00781702995300293,36,71,416
547,48,8,5,4,2,2,0.24748516082763672,6.818771362304688e-05,0.02601766586303711,47,115,1428
548,49,8,5,4,2,2,0.33766770362854004,8.845329284667969e-05,0.19887304306030273,56,186,11916
549,50,8,5,4,2,2,0.2447347640991211,6.532669067382812e-05,0.008620500564575195,41,79,334
550,51,8,5,4,2,2,0.19522905349731445,6.556510925292969e-05,0.0003616809844970703,29,37,15
551,52,8,5,4,2,2,0.29022932052612305,7.152557373046875e-05,0.17765307426452637,55,147,8154
552,53,8,5,4,2,2,0.3094675540924072,6.508827209472656e-05,0.23694086074829102,58,158,15624
553,54,8,5,4,2,2,0.22664618492126465,8.797645568847656e-05,0.03624153137207031,43,104,1999
554,55,8,5,4,2,2,0.23062348365783691,6.771087646484375e-05,0.006323814392089844,41,88,612
555,56,8,5,4,2,2,0.23247051239013672,6.365776062011719e-05,0.012093067169189453,44,93,700
556,57,8,5,4,2,2,0.23431944847106934,6.556510925292969e-05,0.029326200485229492,44,100,1200
557,58,8,5,4,2,2,0.20072317123413086,7.009506225585938e-05,0.004423856735229492,36,75,336
558,59,8,5,4,2,2,0.254382848739624,6.413459777832031e-05,0.022693395614624023,42,74,1560
559,60,8,5,4,2,2,0.2894904613494873,0.00011038780212402344,0.10991334915161133,52,137,5088
560,61,8,5,4,2,2,0.29877138137817383,6.914138793945312e-05,0.15088176727294922,51,132,7128
561,62,8,5,4,2,2,0.5596671104431152,0.00010466575622558594,0.10384559631347656,50,111,5040
562,63,8,5,4,2,2,0.27738308906555176,6.866455078125e-05,0.010184288024902344,40,78,890
563,64,8,5,4,2,2,0.25988316535949707,7.128715515136719e-05,0.023608922958374023,48,119,1518
564,65,8,5,4,2,2,0.23977160453796387,7.224082946777344e-05,0.09910035133361816,49,127,6240
565,66,8,5,4,2,2,0.24803614616394043,7.319450378417969e-05,0.018427610397338867,45,111,1164
566,67,8,5,4,2,2,0.23150348663330078,6.961822509765625e-05,0.004134178161621094,41,79,255
567,68,8,5,4,2,2,0.2388136386871338,0.00010585784912109375,0.05084228515625,43,97,3906
568,69,8,5,4,2,2,0.25290656089782715,6.937980651855469e-05,0.012955904006958008,45,82,540
569,70,8,5,4,2,2,0.23360967636108398,7.176399230957031e-05,0.007655143737792969,41,75,846
570,71,8,5,4,2,2,0.27260494232177734,7.414817810058594e-05,0.0443568229675293,52,129,1848
571,72,8,5,4,2,2,0.2144162654876709,8.58306884765625e-05,0.01836848258972168,40,92,1296
572,73,8,5,4,2,2,0.23024582862854004,6.67572021484375e-05,0.060828208923339844,45,115,2262
573,74,8,5,4,2,2,0.2158064842224121,6.103515625e-05,0.0013458728790283203,34,51,102
574,75,8,5,4,2,2,0.3230133056640625,6.389617919921875e-05,0.10882258415222168,60,162,6120
575,76,8,5,4,2,2,0.2579338550567627,6.771087646484375e-05,0.013573408126831055,49,103,628
576,77,8,5,4,2,2,0.2070755958557129,9.751319885253906e-05,0.00494074821472168,37,74,220
577,78,8,5,4,2,2,0.2563488483428955,6.365776062011719e-05,0.0047299861907958984,45,85,512
578,79,8,5,4,2,2,0.23885726928710938,6.628036499023438e-05,0.015383720397949219,43,93,570
579,80,8,5,4,2,2,0.2836296558380127,6.890296936035156e-05,0.038593292236328125,47,103,2880
580,81,8,5,4,2,2,0.2379758358001709,6.937980651855469e-05,0.016536474227905273,42,96,910
581,82,8,5,4,2,2,0.24237680435180664,6.508827209472656e-05,0.01824331283569336,43,87,1584
582,83,8,5,4,2,2,0.25081396102905273,7.128715515136719e-05,0.06047487258911133,51,123,3264
583,84,8,5,4,2,2,0.24862313270568848,6.437301635742188e-05,0.02551865577697754,42,98,1800
584,85,8,5,4,2,2,0.22333836555480957,6.580352783203125e-05,0.010242223739624023,40,82,972
585,86,8,5,4,2,2,0.20098233222961426,6.389617919921875e-05,0.0032248497009277344,32,60,322
586,87,8,5,4,2,2,0.1937403678894043,6.29425048828125e-05,0.0067653656005859375,36,69,312
587,88,8,5,4,2,2,0.2024378776550293,7.915496826171875e-05,0.0025980472564697266,37,62,167
588,89,8,5,4,2,2,0.22864675521850586,6.103515625e-05,0.007944822311401367,39,73,540
589,90,8,5,4,2,2,0.252333402633667,6.628036499023438e-05,0.0036666393280029297,36,68,260
590,91,8,5,4,2,2,0.24148941040039062,6.771087646484375e-05,0.0077555179595947266,36,67,620
591,92,8,5,4,2,2,0.43940258026123047,0.00011348724365234375,0.07818388938903809,48,120,4074
592,93,8,5,4,2,2,0.22477412223815918,6.794929504394531e-05,0.001984834671020508,34,58,150
593,94,8,5,4,2,2,0.33549976348876953,6.532669067382812e-05,0.1907961368560791,50,141,14080
594,95,8,5,4,2,2,0.22928738594055176,6.699562072753906e-05,0.0119476318359375,42,95,585
595,96,8,5,4,2,2,0.21282005310058594,7.486343383789062e-05,0.0029010772705078125,35,73,114
596,97,8,5,4,2,2,0.27309298515319824,6.413459777832031e-05,0.007992744445800781,48,89,692
597,98,8,5,4,2,2,0.22162771224975586,8.225440979003906e-05,0.006844282150268555,38,70,400
598,99,8,5,4,2,2,0.2815380096435547,7.295608520507812e-05,0.061675310134887695,57,212,4884
599,100,8,5,4,2,2,0.28495264053344727,6.699562072753906e-05,0.015865564346313477,44,88,1146
600,1,9,5,4,2,2,0.30661511421203613,7.700920104980469e-05,0.4862484931945801,62,185,24960
601,2,9,5,4,2,2,0.2949953079223633,7.987022399902344e-05,1.557831048965454,64,193,68016
602,3,9,5,4,2,2,0.3253815174102783,0.0001938343048095703,0.35689210891723633,62,158,24640
603,4,9,5,4,2,2,0.2698664665222168,7.62939453125e-05,0.03267836570739746,43,89,1084
604,5,9,5,4,2,2,0.24371862411499023,7.081031799316406e-05,0.006180524826049805,37,61,660
605,6,9,5,4,2,2,0.26551008224487305,7.62939453125e-05,0.02026224136352539,48,94,1920
606,7,9,5,4,2,2,0.3112642765045166,8.130073547363281e-05,0.04512929916381836,52,124,3068
607,8,9,5,4,2,2,0.3054797649383545,0.00011205673217773438,0.02250814437866211,42,71,1008
608,9,9,5,4,2,2,0.47449827194213867,7.987022399902344e-05,0.018900394439697266,49,94,531
609,10,9,5,4,2,2,0.28673791885375977,7.915496826171875e-05,0.018967866897583008,43,91,880
610,11,9,5,4,2,2,0.35303211212158203,7.677078247070312e-05,0.10528421401977539,57,121,6904
611,12,9,5,4,2,2,0.2569544315338135,7.772445678710938e-05,0.009578466415405273,40,72,672
612,13,9,5,4,2,2,0.28206729888916016,0.00010013580322265625,0.1116628646850586,50,114,6632
613,14,9,5,4,2,2,0.3365895748138428,8.20159912109375e-05,0.39445066452026367,56,144,39240
614,15,9,5,4,2,2,0.2952306270599365,8.368492126464844e-05,0.23122024536132812,54,147,8064
615,16,9,5,4,2,2,0.2567484378814697,7.867813110351562e-05,0.01053309440612793,40,68,1056
616,17,9,5,4,2,2,0.26517534255981445,7.295608520507812e-05,0.01493215560913086,46,77,491
617,18,9,5,4,2,2,0.2830071449279785,8.177757263183594e-05,0.11411166191101074,52,129,4575
618,19,9,5,4,2,2,0.32418322563171387,8.511543273925781e-05,0.05203962326049805,55,127,1224
619,20,9,5,4,2,2,0.2628028392791748,7.486343383789062e-05,0.009391069412231445,43,91,624
620,21,9,5,4,2,2,0.26815032958984375,8.034706115722656e-05,0.025519609451293945,50,98,1632
621,22,9,5,4,2,2,0.24069523811340332,7.581710815429688e-05,0.006263017654418945,40,77,322
622,23,9,5,4,2,2,0.27744436264038086,7.295608520507812e-05,0.037912607192993164,52,103,4144
623,24,9,5,4,2,2,0.2687106132507324,7.867813110351562e-05,0.007947206497192383,39,65,440
624,25,9,5,4,2,2,0.2861647605895996,7.700920104980469e-05,0.23393988609313965,54,132,10584
625,26,9,5,4,2,2,0.29589104652404785,8.678436279296875e-05,0.1743152141571045,57,170,4200
626,27,9,5,4,2,2,0.26050710678100586,0.00010466575622558594,0.01681041717529297,41,85,864
627,28,9,5,4,2,2,0.2681698799133301,7.295608520507812e-05,0.010986566543579102,44,83,1008
628,29,9,5,4,2,2,0.27727413177490234,8.20159912109375e-05,0.02599501609802246,48,108,1736
629,30,9,5,4,2,2,0.2978503704071045,7.343292236328125e-05,0.04487752914428711,51,105,3120
630,31,9,5,4,2,2,0.2802252769470215,7.987022399902344e-05,0.03326272964477539,50,116,1728
631,32,9,5,4,2,2,0.2693367004394531,7.271766662597656e-05,0.03267073631286621,43,83,2176
632,33,9,5,4,2,2,0.2804265022277832,7.748603820800781e-05,0.03594493865966797,49,103,1848
633,34,9,5,4,2,2,0.2479560375213623,7.82012939453125e-05,0.010500907897949219,42,95,480
634,35,9,5,4,2,2,0.24709057807922363,6.651878356933594e-05,0.003215312957763672,37,58,210
635,36,9,5,4,2,2,0.2627139091491699,8.153915405273438e-05,0.030283689498901367,48,97,2166
636,37,9,5,4,2,2,0.2228868007659912,7.510185241699219e-05,0.020104646682739258,39,72,1104
637,38,9,5,4,2,2,0.2535715103149414,9.322166442871094e-05,0.034491539001464844,46,86,1914
638,39,9,5,4,2,2,0.2844662666320801,7.510185241699219e-05,0.009783744812011719,41,66,608
639,40,9,5,4,2,2,0.2769153118133545,7.534027099609375e-05,0.006890058517456055,43,78,304
640,41,9,5,4,2,2,0.2783539295196533,0.00012230873107910156,0.054090261459350586,42,85,1364
641,42,9,5,4,2,2,0.4116978645324707,9.036064147949219e-05,3.295471429824829,77,251,170352
642,43,9,5,4,2,2,0.30884504318237305,7.295608520507812e-05,0.029639720916748047,48,111,1040
643,44,9,5,4,2,2,0.2543625831604004,0.00011849403381347656,0.0028295516967773438,40,55,114
644,45,9,5,4,2,2,0.29958367347717285,8.535385131835938e-05,0.0410008430480957,48,111,2772
645,46,9,5,4,2,2,0.3029367923736572,8.082389831542969e-05,0.0734713077545166,53,148,4768
646,47,9,5,4,2,2,0.29610633850097656,9.226799011230469e-05,0.017406463623046875,47,88,1344
647,48,9,5,4,2,2,0.28668642044067383,8.0108642578125e-05,0.09504318237304688,55,146,3152
648,49,9,5,4,2,2,0.40743255615234375,8.940696716308594e-05,1.6066977977752686,78,300,66720
649,50,9,5,4,2,2,0.3666667938232422,7.557868957519531e-05,0.08894538879394531,57,136,3200
650,51,9,5,4,2,2,0.24756622314453125,7.581710815429688e-05,0.02185344696044922,41,80,1260
651,52,9,5,4,2,2,0.4208712577819824,9.34600830078125e-05,23.217748880386353,88,336,1262080
652,53,9,5,4,2,2,0.2738628387451172,0.00010228157043457031,0.07892894744873047,49,97,9288
653,54,9,5,4,2,2,0.30890989303588867,8.082389831542969e-05,0.03520393371582031,51,136,2160
654,55,9,5,4,2,2,0.2855799198150635,8.153915405273438e-05,0.10300517082214355,50,134,2784
655,56,9,5,4,2,2,0.305095911026001,8.058547973632812e-05,0.054146766662597656,53,121,4641
656,57,9,5,4,2,2,0.31050777435302734,0.00011849403381347656,0.03162384033203125,49,110,1296
657,58,9,5,4,2,2,0.24906492233276367,7.295608520507812e-05,0.025368213653564453,45,97,1020
658,59,9,5,4,2,2,0.24927783012390137,7.104873657226562e-05,0.010740995407104492,45,82,682
659,60,9,5,4,2,2,0.26966094970703125,0.00010967254638671875,0.010936975479125977,46,89,858
660,61,9,5,4,2,2,0.2875945568084717,7.796287536621094e-05,0.17905712127685547,57,154,7488
661,62,9,5,4,2,2,0.2622096538543701,8.177757263183594e-05,0.09818077087402344,54,116,5616
662,63,9,5,4,2,2,0.2810862064361572,0.00011849403381347656,0.04421830177307129,51,108,1560
663,64,9,5,4,2,2,0.25023722648620605,7.605552673339844e-05,0.005813121795654297,41,78,160
664,65,9,5,4,2,2,0.29154372215270996,7.939338684082031e-05,0.13439083099365234,52,129,8250
665,66,9,5,4,2,2,0.3081338405609131,7.891654968261719e-05,0.28366994857788086,57,175,13216
666,67,9,5,4,2,2,0.2636086940765381,7.605552673339844e-05,0.05571746826171875,48,94,2997
667,68,9,5,4,2,2,0.30320310592651367,0.00012946128845214844,0.35390543937683105,60,170,15896
668,69,9,5,4,2,2,0.274003267288208,8.416175842285156e-05,0.12502694129943848,53,144,7280
669,70,9,5,4,2,2,0.3118274211883545,7.82012939453125e-05,0.12900400161743164,56,127,10488
670,71,9,5,4,2,2,0.33503246307373047,7.796287536621094e-05,0.04535531997680664,53,105,1840
671,72,9,5,4,2,2,0.2903611660003662,0.00014448165893554688,0.16657519340515137,49,124,7980
672,73,9,5,4,2,2,0.2829701900482178,7.557868957519531e-05,0.0137786865234375,46,89,864
673,74,9,5,4,2,2,0.2606356143951416,8.440017700195312e-05,0.02827930450439453,47,101,1620
674,75,9,5,4,2,2,0.26215076446533203,0.0001220703125,0.03560948371887207,42,85,2240
675,76,9,5,4,2,2,0.2544515132904053,8.130073547363281e-05,0.006249666213989258,37,63,171
676,77,9,5,4,2,2,0.3270378112792969,7.796287536621094e-05,0.11838054656982422,57,119,8910
677,78,9,5,4,2,2,0.3093085289001465,7.700920104980469e-05,0.042160987854003906,52,94,1408
678,79,9,5,4,2,2,0.3303523063659668,9.059906005859375e-05,0.0788733959197998,62,138,6528
679,80,9,5,4,2,2,0.2620866298675537,7.82012939453125e-05,0.039551734924316406,52,121,2256
680,81,9,5,4,2,2,0.3632502555847168,0.00013685226440429688,3.2191429138183594,80,263,144000
681,82,9,5,4,2,2,0.27793121337890625,7.748603820800781e-05,0.00569915771484375,44,75,293
682,83,9,5,4,2,2,0.36960577964782715,8.0108642578125e-05,0.28233885765075684,62,191,10304
683,84,9,5,4,2,2,0.310258150100708,8.153915405273438e-05,0.1170649528503418,57,131,8640
684,85,9,5,4,2,2,0.28022074699401855,9.012222290039062e-05,0.013658761978149414,47,103,1251
685,86,9,5,4,2,2,0.3612489700317383,7.796287536621094e-05,0.06198263168334961,59,125,4704
686,87,9,5,4,2,2,0.29960036277770996,7.510185241699219e-05,0.039058685302734375,53,134,960
687,88,9,5,4,2,2,0.2840127944946289,8.130073547363281e-05,0.05852341651916504,49,109,3604
688,89,9,5,4,2,2,0.3577594757080078,0.00019693374633789062,0.374920129776001,63,175,13992
689,90,9,5,4,2,2,0.28441715240478516,7.534027099609375e-05,0.027754545211791992,48,106,1040
690,91,9,5,4,2,2,0.3051462173461914,8.153915405273438e-05,0.15800118446350098,55,145,4466
691,92,9,5,4,2,2,0.26267290115356445,7.462501525878906e-05,0.020693063735961914,41,79,710
692,93,9,5,4,2,2,0.298229455947876,7.653236389160156e-05,0.10553646087646484,56,146,6248
693,94,9,5,4,2,2,0.2513284683227539,7.295608520507812e-05,0.009803533554077148,41,77,630
694,95,9,5,4,2,2,0.2672579288482666,9.179115295410156e-05,0.002473592758178711,35,58,276
695,96,9,5,4,2,2,0.28775715827941895,7.295608520507812e-05,0.17868661880493164,56,132,10000
696,97,9,5,4,2,2,0.31173253059387207,7.915496826171875e-05,0.0928502082824707,62,155,4473
697,98,9,5,4,2,2,0.23821592330932617,7.319450378417969e-05,0.024048566818237305,44,87,1070
698,99,9,5,4,2,2,0.25740575790405273,7.653236389160156e-05,0.01893901824951172,44,92,1100
699,100,9,5,4,2,2,0.29973626136779785,8.058547973632812e-05,0.06797051429748535,53,122,3348
